#,Name,Red,Green,Blue,Yellow,Gold,Silver,Crystal,Ruby,Sapphire,Fire Red,Leaf Green,Emerald,Diamond,Pearl,Platinium,Heart Gold,Soul Silver,Black,White,Black 2,White 2,X,Y,Omega Ruby,Alpha Sapphire,Sun,Moon,Ultra Sun,Ultra Moon,Let's Go Pikachu,Let's Go Eevee,Sword,Shield,Brillant Diamond,Shining Pearl,Pokémon Legends Arceus
1,Bulbasaur,R,R,R,R,Ev,Ev,Ev,Ev,Ev,R,R,Ev,T,T,T,R,R,Ev,Ev,Ev,Ev,R,R,Ev,Ev,T,T,S,S,C,C,RD,RD,C,C,—
2,Ivysaur,E,E,E,E,EvE,EvE,EvE,EvE,EvE,E,E,EvE,T,T,T,E,E,EvE,EvE,EvE,EvE,E,E,EvE,EvE,T,T,E,E,E,E,DA,DA,E,E,—
3,Venusaur,E,E,E,E,Ev,Ev,Ev,EvE,EvE,E,E,EvE,T,T,T,E,E,EvE,EvE,EvE,EvE,E,E,Ev,Ev,T,T,E,E,E,E,DD,DD,E,E,—
4,Charmander,R,R,R,R,Ev,Ev,Ev,Ev,Ev,R,R,Ev,Ev,Ev,Ev,R,R,Ev,Ev,Ev,Ev,R,R,Ev,Ev,EvB,EvB,S,S,C,C,R,R,C,C,—
5,Charmeleon,E,E,E,E,EvE,EvE,EvE,EvE,EvE,E,E,EvE,EvE,EvE,EvE,E,E,EvE,EvE,EvE,EvE,E,E,EvE,EvE,EvB,EvB,E,E,E,E,D,D,E,E,—
6,Charizard,E,E,E,E,Ev,Ev,Ev,Ev,Ev,E,E,Ev,EvE,EvE,EvE,E,E,EvE,EvE,EvE,EvE,E,E,Ev,Ev,Ev,Ev,E,E,C,C,D,D,E,E,—
7,Squirtle,R,R,R,R,Ev,Ev,Ev,Ev,Ev,R,R,Ev,T,T,T,R,R,Ev,Ev,Ev,Ev,R,R,Ev,Ev,T,T,S,S,C,C,RD,RD,C,C,—
8,Wartortle,E,E,E,E,EvE,EvE,EvE,EvE,EvE,E,E,EvE,T,T,T,E,E,EvE,EvE,EvE,EvE,E,E,EvE,EvE,T,T,E,E,E,E,DA,DA,E,E,—
9,Blastoise,E,E,E,E,Ev,Ev,Ev,Ev,Ev,E,E,Ev,T,T,T,E,E,EvE,EvE,EvE,EvE,E,E,Ev,Ev,T,T,E,E,E,E,DD,DD,E,E,—
10,Caterpie,C,C,C,C,C,C,C,T,T,C,C,T,D,D,D,C,C,DWB,B,T,B,C,C,T,T,C,C,C,C,C,C,C,C,C,T,—
11,Metapod,C,C,C,C,C,C,C,T,T,C,C,T,D,D,D,C,C,DWB,C,T,B,E,C,T,T,C,C,C,C,C,C,C,C,E,T,—
12,Butterfree,E,E,E,E,C,C,C,T,T,E,E,T,DE,DE,DE,C,C,DW,C,T,C,E,E,T,T,C,C,C,C,C,E,C,C,E,T,—
13,Weedle,C,C,C,T,C,C,C,T,T,C,C,T,D,D,D,C,C,B,DWB,B,T,C,C,B,B,T,T,B,B,C,C,—,—,T,C,—
14,Kakuna,C,C,C,T,C,C,C,T,T,C,C,T,D,D,D,C,C,C,DWB,B,T,C,E,C,C,T,T,B,B,C,C,—,—,T,E,—
15,Beedrill,E,E,E,T,C,C,C,T,T,E,E,T,DE,DE,DE,C,C,C,DW,C,T,E,E,E,E,T,T,S,S,E,C,—,—,T,E,—
16,Pidgey,C,C,C,C,C,C,C,T,T,C,C,T,S,S,C,C,C,DW,C,DW,DW,C,C,B,B,T,T,B,B,C,C,—,—,S,S,—
17,Pidgeotto,C,C,C,C,C,C,C,T,T,C,C,T,E,E,E,C,C,DWE,E,DWE,DWE,E,E,C,C,T,T,B,B,C,C,—,—,E,E,—
18,Pidgeot,E,E,E,E,E,E,E,T,T,E,E,T,E,E,E,E,E,DWE,E,DWE,DWE,E,E,E,E,T,T,S,S,C,C,—,—,E,E,—
19,Rattata,C,C,C,C,C,C,C,T,T,C,C,T,C,C,C,C,C,B,B,C,C,T,T,C,C,T,T,T,T,C,C,—,—,C,C,—
19,"Rattata
(Alolan)",—,—,—,—,—,—,—,—,—,—,—,—,—,—,—,—,—,—,—,—,—,—,—,—,—,C,C,C,C,R,R,—,—,—,—,—
20,Raticate,C,C,C,C,C,C,C,T,T,C,C,T,C,C,C,C,C,C,C,C,C,T,T,C,C,T,T,T,T,C,C,—,—,C,C,—
20,"Raticate
(Alolan)",—,—,—,—,—,—,—,—,—,—,—,—,—,—,—,—,—,—,—,—,—,—,—,—,—,C,C,C,C,E,E,—,—,—,—,—
21,Spearow,C,C,C,C,C,C,C,T,T,C,C,T,C,C,C,C,C,B,B,B,B,B,B,T,T,C,C,C,C,C,C,—,—,C,C,—
22,Fearow,C,C,C,C,C,C,C,T,T,C,C,T,C,C,C,C,C,C,C,S,S,C,C,T,T,C,C,C,C,C,C,—,—,C,C,—
23,Ekans,C,T,T,T,R,C,C,Ev,Ev,C,Ev,Ev,D,D,D,C,C,DW,DW,DW,DW,C,C,T,T,T,T,C,C,T,C,—,—,C,T,—
24,Arbok,C,T,T,T,E,C,C,EvE,EvE,C,EvE,EvE,D,D,D,C,C,DWE,DWE,DWE,DWE,C,C,T,T,T,T,R,R,T,C,—,—,E,T,—
25,Pikachu,C,C,C,R,C,C,C,C,C,C,C,C,C,C,C,C,C,Ev,Ev,Ev,Ev,C,C,C,C,C,C,C,C,C,C,C,C,C,C,C
26,Raichu,C,C,C,EvE,E,E,E,E,E,E,E,E,E,E,E,E,E,EvE,EvE,EvE,EvE,E,E,E,E,T,T,E,E,E,E,D,D,E,E,C
26,"Raichu
(Alolan)",—,—,—,—,—,—,—,—,—,—,—,—,—,—,—,—,—,—,—,—,—,—,—,—,—,E,E,E,E,R,R,RD,RD,—,—,—
27,Sandshrew,T,C,C,C,C,R,C,C,C,Ev,C,C,D,D,D,C,C,B,B,C,C,B,B,C,C,T,T,T,T,C,T,CD,CD,T,C,—
27,"Sandshrew
(Alolan)",—,—,—,—,—,—,—,—,—,—,—,—,—,—,—,—,—,—,—,—,—,—,—,—,—,T,C,T,C,R,T,RD,RD,—,—,—
28,Sandslash,T,C,C,C,C,E,C,E,E,EvE,C,E,D,D,D,C,C,C,C,C,C,C,C,E,E,T,T,T,T,E,T,CD,CD,T,C,—
28,"Sandslash
(Alolan)",—,—,—,—,—,—,—,—,—,—,—,—,—,—,—,—,—,—,—,—,—,—,—,—,—,T,E,T,E,E,T,ED,ED,—,—,—
29,Nidoran ♀,C,C,C,C,C,C,C,T,T,C,C,T,C,C,C,C,C,DW,C,C,C,C,C,T,T,T,T,EvB,EvB,C,C,CD,CD,C,C,—
30,Nidorina,C,C,C,C,C,C,C,T,T,C,C,T,C,C,C,C,C,DWE,E,E,E,C,C,T,T,T,T,EvB,EvB,C,C,CD,CD,C,C,—
31,Nidoqueen,E,E,E,E,E,E,E,T,T,E,E,T,E,E,E,E,E,DWE,E,E,E,E,E,T,T,T,T,EvB,EvB,C,C,CD,CD,E,E,—
32,Nidoran ♂,C,C,C,C,C,C,C,T,T,C,C,T,C,C,C,C,C,DW,C,C,C,C,C,T,T,T,T,EvB,EvB,C,C,CD,CD,C,C,—
33,Nidorino,C,C,C,C,C,C,C,T,T,C,C,T,C,C,C,C,C,DWE,E,E,E,C,C,T,T,T,T,EvB,EvB,C,C,CD,CD,C,C,—
34,Nidoking,E,E,E,E,E,E,E,T,T,E,E,T,E,E,E,E,E,DWE,E,E,E,E,E,T,T,T,T,Ev,Ev,C,C,CD,CD,E,E,—
35,Clefairy,C,C,C,C,C,C,C,T,T,C,C,T,C,C,C,C,C,C,C,C,C,FS,FS,C,C,C,C,C,C,C,C,C,C,C,C,C
36,Clefable,E,E,R,E,E,E,E,T,T,E,E,T,E,E,E,E,E,C,C,C,C,FSE,FSE,E,E,E,E,E,E,C,C,C,C,E,E,C
37,Vulpix,T,C,T,R,T,C,T,C,C,Ev,C,C,D,D,D,T,C,C,C,C,C,FSB,FSB,C,C,T,T,T,T,T,C,C,C,T,C,C
37,"Vulpix
(Alolan)",—,—,—,—,—,—,—,—,—,—,—,—,—,—,—,—,—,—,—,—,—,—,—,—,—,C,Ev,C,T,T,R,RD,RD,—,—,C
38,Ninetales,T,E,T,E,T,E,T,E,E,EvE,E,E,DE,DE,DE,T,E,C,C,C,C,FS,FS,E,E,T,T,T,T,T,C,C,D,T,E,C
38,"Ninetales
(Alolan)",—,—,—,—,—,—,—,—,—,—,—,—,—,—,—,—,—,—,—,—,—,—,—,—,—,E,EvE,E,T,T,E,ED,ED,—,—,E
39,Jigglypuff,C,C,C,C,C,C,C,C,C,C,C,C,S,S,S,C,C,C,C,C,C,C,C,C,C,C,C,C,C,C,C,CD,CD,S,S,—
40,Wigglytuff,C,C,C,R,E,E,E,E,E,E,E,E,E,E,E,E,E,C,C,C,C,E,E,E,E,E,E,E,E,E,E,CD,CD,E,E,—
41,Zubat,C,C,C,C,C,C,C,C,C,C,C,C,C,C,C,C,C,B,B,C,C,C,C,C,C,C,C,C,C,C,C,CD,CD,C,C,C
42,Golbat,C,C,C,C,C,C,C,C,C,C,C,C,C,C,C,C,C,C,C,C,C,E,E,C,C,C,C,C,C,C,C,CD,CD,C,C,C
43,Oddish,C,T,C,C,C,C,C,C,C,C,Ev,C,C,C,C,C,C,DW,C,DW,DW,C,C,C,C,T,T,T,T,C,T,C,C,C,C,—
44,Gloom,C,T,C,C,C,C,C,C,C,C,EvE,C,C,C,C,C,C,DWE,E,DWE,DWE,E,E,C,C,T,T,T,T,C,T,C,C,C,C,—
45,Vileplume,E,T,E,E,E,E,E,E,E,E,EvE,E,E,E,E,E,E,DWE,E,DWE,DWE,E,E,E,E,T,T,T,T,C,T,C,C,E,E,—
46,Paras,C,C,C,C,C,C,C,T,T,C,C,T,S,S,S,C,C,DW,S,DW,DW,FS,FS,C,C,C,C,C,C,C,C,—,—,S,S,C
47,Parasect,C,C,C,C,E,E,C,T,T,C,C,T,E,E,E,C,C,DWE,E,DWE,DWE,FSE,FSE,E,E,E,E,C,C,E,E,—,—,E,E,C
48,Venonat,C,C,C,C,C,C,C,T,T,C,C,T,C,C,C,C,C,B,B,C,C,FSB,FSB,B,B,T,T,T,T,C,C,—,—,C,C,—
49,Venomoth,C,C,C,C,C,C,C,T,T,C,C,T,C,C,C,C,C,C,C,E,E,FS,FS,C,C,T,T,T,T,C,C,—,—,C,C,—
50,Diglett,C,C,C,C,C,C,C,T,T,C,C,T,C,C,C,C,C,DW,DW,DW,DW,B,B,C,C,T,T,T,T,C,C,C,C,C,C,—
50,"Diglett
(Alolan)",—,—,—,—,—,—,—,—,—,—,—,—,—,—,—,—,—,—,—,—,—,—,—,—,—,C,C,C,C,R,R,RD,RD,—,—,—
51,Dugtrio,C,C,C,C,C,C,C,T,T,C,C,T,C,C,C,C,C,DWE,DWE,DWE,DWE,C,C,E,E,T,T,T,T,C,C,C,C,C,C,—
51,"Dugtrio
(Alolan)",—,—,—,—,—,—,—,—,—,—,—,—,—,—,—,—,—,—,—,—,—,—,—,—,—,C,C,C,C,E,E,ED,ED,—,—,—
52,Meowth,T,C,C,T,T,C,C,Ev,Ev,C,C,R,S,S,S,T,C,DW,DW,R,R,T,T,B,B,T,T,T,T,T,C,R,R,S,S,—
52,"Meowth
(Alolan)",—,—,—,—,—,—,—,—,—,—,—,—,—,—,—,—,—,—,—,—,—,—,—,—,—,C,C,C,C,T,R,RD,RD,—,—,—
52,"Meowth
(Galarian)",—,—,—,—,—,—,—,—,—,—,—,—,—,—,—,—,—,—,—,—,—,—,—,—,—,—,—,—,—,—,—,C,C,—,—,—
53,Persian,T,E,E,T,T,C,C,EvE,EvE,C,C,E,E,E,E,T,C,DWE,DWE,E,E,T,T,C,C,T,T,T,T,R,E,E,E,E,E,—
53,"Persian
(Alolan)",—,—,—,—,—,—,—,—,—,—,—,—,—,—,—,—,—,—,—,—,—,—,—,—,—,E,E,C,C,T,E,ED,ED,—,—,—
54,Psyduck,C,C,C,C,C,C,C,C,C,C,Ev,C,C,C,C,C,C,B,B,C,C,C,C,C,C,C,C,C,C,C,C,CD,CD,C,C,C
55,Golduck,C,C,E,C,C,C,C,C,C,C,EvE,C,C,C,C,C,C,C,C,C,C,E,E,E,E,C,C,C,C,C,C,CD,CD,E,E,C
56,Mankey,C,T,T,C,C,T,T,T,T,C,C,T,C,C,C,C,T,S,S,R,R,FS,FS,C,C,C,C,C,C,C,T,—,—,C,C,—
57,Primeape,E,T,T,C,C,T,T,T,T,C,C,T,C,C,C,C,T,E,E,E,E,FSE,FSE,E,E,C,C,C,C,E,T,—,—,C,C,—
58,Growlithe,C,T,C,C,C,T,C,Ev,Ev,C,Ev,Ev,D,D,D,C,T,DW,DW,C,C,FS,FS,C,C,C,C,C,C,C,T,C,C,C,T,—
58,Growlithe (Hisuian),—,—,—,—,—,—,—,—,—,—,—,—,—,—,—,—,—,—,—,—,—,—,—,—,—,—,—,—,—,—,—,—,—,—,—,C
59,Arcanine,E,T,E,E,E,T,E,EvE,EvE,E,EvE,EvE,DE,DE,DE,E,T,DWE,DWE,E,E,FSE,FSE,E,E,E,E,E,E,C,R,D,C,E,T,—
59,Arcanine (Hisuian),—,—,—,—,—,—,—,—,—,—,—,—,—,—,—,—,—,—,—,—,—,—,—,—,—,—,—,—,—,—,—,—,—,—,—,C
60,Poliwag,C,C,C,C,C,C,C,T,T,C,C,T,C,C,C,C,C,C,C,C,C,C,C,T,T,C,C,C,C,C,C,CD,CD,C,C,—
61,Poliwhirl,C,C,C,C,C,C,C,T,T,C,C,T,C,C,C,C,C,C,C,C,C,C,C,T,T,R,R,C,C,C,C,CD,CD,C,C,—
62,Poliwrath,E,E,E,E,E,E,E,T,T,E,E,T,E,E,E,E,E,C,C,C,C,C,C,T,T,C,C,C,C,C,C,CD,CD,E,E,—
63,Abra,C,C,C,C,C,C,C,C,C,C,C,C,C,C,C,C,C,DW,C,B,B,C,C,C,C,C,C,C,C,C,C,CD,CD,C,C,C
64,Kadabra,C,C,C,C,C,C,C,E,E,C,C,E,C,C,C,C,C,DW,E,B,B,E,E,E,E,C,C,E,E,C,C,CD,CD,C,C,C
65,Alakazam,ET,ET,ET,ET,ET,ET,ET,ET,ET,ET,ET,ET,ET,ET,ET,ET,ET,DWET,ET,R,R,ET,ET,ET,ET,ET,ET,ET,ET,ET,ET,CD,CD,ET,ET,C
66,Machop,C,C,C,C,C,C,C,C,C,C,C,C,C,C,C,C,C,DW,C,DW,DW,C,C,C,C,C,C,C,C,C,C,C,C,C,C,C
67,Machoke,C,C,C,C,C,C,C,E,E,C,C,E,C,C,C,C,C,DWE,E,DWE,DWE,E,E,E,E,C,C,C,C,C,C,C,C,C,C,C
68,Machamp,ET,ET,ET,R,ET,ET,ET,ET,ET,ET,ET,ET,ET,ET,ET,ET,ET,DWET,ET,DWET,DWET,ET,ET,ET,ET,ET,ET,ET,ET,ET,ET,C,C,ET,ET,C
69,Bellsprout,T,C,T,C,C,C,C,Ev,Ev,Ev,C,Ev,C,C,C,C,C,DW,C,DW,DW,C,C,T,T,S,S,T,T,T,C,—,—,C,C,—
70,Weepinbell,T,C,T,C,C,C,C,EvE,EvE,EvE,C,EvE,C,C,C,C,C,DWE,E,DWE,DWE,C,C,T,T,E,E,T,T,T,C,—,—,C,C,—
71,Victreebel,T,E,T,E,E,E,E,EvE,EvE,EvE,E,EvE,E,E,E,E,E,DWE,E,DWE,DWE,E,E,T,T,E,E,T,T,T,C,—,—,E,E,—
72,Tentacool,C,C,C,C,C,C,C,C,C,C,C,C,C,C,C,C,C,DW,DW,DW,DW,C,C,C,C,C,C,C,C,C,C,CD,CD,C,C,C
73,Tentacruel,E,E,E,C,C,C,C,C,C,C,C,C,C,C,C,C,C,DWE,DWE,DWE,DWE,E,E,C,C,C,C,C,C,C,C,CD,CD,C,C,C
74,Geodude,C,C,C,C,C,C,C,C,C,C,C,C,C,C,C,C,C,B,B,DW,DW,C,C,C,C,T,T,T,T,C,C,—,—,C,C,C
74,"Geodude
(Alolan)",—,—,—,—,—,—,—,—,—,—,—,—,—,—,—,—,—,—,—,—,—,—,—,—,—,C,C,B,B,R,R,—,—,—,—,—
75,Graveler,C,C,C,C,C,C,C,C,C,C,C,C,C,C,C,C,C,C,C,DWE,DWE,C,C,C,C,T,T,T,T,C,C,—,—,C,C,C
75,"Graveler
(Alolan)",—,—,—,—,—,—,—,—,—,—,—,—,—,—,—,—,—,—,—,—,—,—,—,—,—,C,C,C,C,E,E,—,—,—,—,—
76,Golem,ET,ET,R,ET,ET,ET,ET,ET,ET,ET,ET,ET,ET,ET,ET,ET,ET,ET,ET,DWET,DWET,ET,ET,ET,ET,T,T,T,T,ET,ET,—,—,ET,ET,C
76,"Golem
(Alolan)",—,—,—,—,—,—,—,—,—,—,—,—,—,—,—,—,—,—,—,—,—,—,—,—,—,R,R,ET,ET,ET,ET,—,—,—,—,—
77,Ponyta,C,C,C,C,C,C,C,T,T,C,C,T,C,C,C,C,C,B,B,DW,DW,FS,FS,C,C,T,T,T,T,C,C,T,RD,C,C,C
77,"Ponyta
(Galarian)",—,—,—,—,—,—,—,—,—,—,—,—,—,—,—,—,—,—,—,—,—,—,—,—,—,—,—,—,—,—,—,T,C,—,—,—
78,Rapidash,E,E,C,E,C,C,C,T,T,C,C,T,E,E,E,C,C,C,C,DWE,DWE,FSE,FSE,E,E,T,T,T,T,C,C,T,ED,E,E,C
78,"Rapidash
(Galarian)",—,—,—,—,—,—,—,—,—,—,—,—,—,—,—,—,—,—,—,—,—,—,—,—,—,—,—,—,—,—,—,T,D,—,—,—
79,Slowpoke,C,C,C,C,C,C,C,Ev,Ev,Ev,C,Ev,T,C,C,C,C,C,C,S,S,C,C,C,C,C,C,C,C,C,C,RD,RD,T,C,—
79,"Slowpoke
(Galarian)",—,—,—,—,—,—,—,—,—,—,—,—,—,—,—,—,—,—,—,—,—,—,—,—,—,—,—,—,—,—,—,C,C,—,—,—
80,Slowbro,C,C,C,C,C,C,C,EvE,EvE,EvE,C,EvE,T,E,E,C,C,C,C,E,E,E,E,E,E,C,C,C,C,C,C,DA,DA,T,E,—
80,"Slowbro
(Galarian)",—,—,—,—,—,—,—,—,—,—,—,—,—,—,—,—,—,—,—,—,—,—,—,—,—,—,—,—,—,—,—,ED,ED,—,—,—
81,Magnemite,C,C,C,C,C,C,C,C,C,C,C,C,S,S,C,C,C,DW,C,C,C,B,B,C,C,C,C,C,C,C,C,CD,CD,C,C,C
82,Magneton,C,C,C,C,E,E,R,C,C,C,C,C,E,E,C,C,C,DWE,E,C,C,C,C,E,E,E,E,E,E,C,C,CD,CD,E,E,C
83,Farfetch'd,R,R,R,C,C,C,C,T,T,R,R,T,S,S,S,C,C,S,S,S,S,C,C,T,T,T,T,T,T,C,C,RD,T,C,C,—
83,"Farfetch'd
(Galarian)",—,—,—,—,—,—,—,—,—,—,—,—,—,—,—,—,—,—,—,—,—,—,—,—,—,—,—,—,—,—,—,C,T,—,—,—
84,Doduo,C,C,C,C,C,C,C,C,C,C,C,C,S,S,S,C,C,S,S,S,S,C,C,C,C,T,T,T,T,C,C,—,—,C,C,—
85,Dodrio,C,C,C,C,C,C,C,C,C,E,E,C,E,E,E,C,C,E,E,E,E,E,E,E,E,T,T,T,T,C,C,—,—,E,E,—
86,Seel,C,C,C,C,C,C,C,T,T,C,C,T,C,T,B,C,C,C,C,C,C,FSB,FSB,C,C,T,T,C,C,C,C,—,—,C,T,—
87,Dewgong,C,C,C,C,E,E,E,T,T,C,C,T,C,T,C,C,C,C,C,C,C,FS,FS,C,C,T,T,E,E,C,C,—,—,C,T,—
88,Grimer,C,C,C,C,C,C,C,C,C,C,C,C,C,C,C,C,C,DW,DW,C,C,FSB,FSB,C,C,T,T,T,T,C,T,—,—,C,C,—
88,"Grimer
(Alolan)",—,—,—,—,—,—,—,—,—,—,—,—,—,—,—,—,—,—,—,—,—,—,—,—,—,C,C,C,C,R,T,—,—,—,—,—
89,Muk,C,C,C,C,C,C,C,E,E,E,C,E,E,E,E,C,C,DWE,DWE,C,C,FS,FS,E,E,T,T,T,T,C,T,—,—,E,E,—
89,"Muk
(Alolan)",—,—,—,—,—,—,—,—,—,—,—,—,—,—,—,—,—,—,—,—,—,—,—,—,—,E,E,E,E,E,T,—,—,—,—,—
90,Shellder,C,C,C,C,C,C,C,Ev,Ev,C,Ev,Ev,C,C,C,C,C,C,C,C,C,FSB,C,T,T,C,C,C,C,C,C,C,C,C,C,—
91,Cloyster,E,E,E,E,E,E,E,EvE,EvE,E,EvE,EvE,E,E,E,E,E,C,C,C,C,FS,C,T,T,E,E,E,E,C,C,C,C,E,E,—
92,Gastly,C,C,C,C,C,C,C,T,T,C,C,T,C,C,C,C,C,DW,C,DW,DW,B,B,EvB,EvB,C,C,C,C,C,C,C,C,C,C,C
93,Haunter,C,C,C,C,C,C,C,T,T,C,C,T,C,C,C,C,C,DWE,E,DWE,DWE,C,C,EvB,EvB,C,C,C,C,C,C,C,C,E,E,C
94,Gengar,ET,ET,R,ET,ET,ET,ET,T,T,ET,ET,T,D,D,D,ET,ET,DWET,ET,DWET,DWET,ET,ET,Ev,Ev,C,C,C,C,ET,ET,C,C,ET,ET,C
95,Onix,C,C,C,C,C,C,C,T,T,C,C,T,C,C,C,C,C,C,C,C,C,C,C,C,C,T,T,S,S,C,C,C,C,C,C,C
96,Drowzee,C,C,C,C,C,C,C,T,T,C,C,T,S,S,S,C,C,DW,DW,B,B,FS,FS,B,B,C,C,C,C,C,C,—,—,C,C,—
97,Hypno,C,C,C,E,C,C,C,T,T,C,C,T,E,E,E,C,C,DWE,DWE,S,S,FSE,FSE,C,C,C,C,C,C,E,E,—,—,E,E,—
98,Krabby,C,C,C,C,C,C,C,T,T,C,C,T,S,S,S,C,C,C,C,C,C,FS,FS,C,C,T,T,T,T,C,C,C,C,C,C,—
99,Kingler,C,C,C,C,C,C,C,T,T,E,C,T,E,E,E,C,C,C,C,C,C,FSE,FSE,E,E,T,T,T,T,C,C,C,C,E,E,—
100,Voltorb,C,C,C,C,C,C,C,C,C,C,C,C,S,S,S,C,C,DW,DW,DW,DW,B,B,C,C,T,T,B,B,C,C,—,—,C,C,—
100,Voltorb (Hisuian),—,—,—,—,—,—,—,—,—,—,—,—,—,—,—,—,—,—,—,—,—,—,—,—,—,—,—,—,—,—,—,—,—,—,—,C
101,Electrode,C,C,C,C,C,C,C,C,C,C,C,C,E,E,E,C,C,DWE,DWE,DWE,DWE,C,C,C,C,T,T,C,C,C,C,—,—,E,E,—
101,Electrode (Hisuian),—,—,—,—,—,—,—,—,—,—,—,—,—,—,—,—,—,—,—,—,—,—,—,—,—,—,—,—,—,—,—,—,—,—,—,C
102,Exeggcute,C,C,C,C,C,C,C,T,T,C,C,T,S,S,S,C,C,S,S,DW,DW,C,C,T,T,C,C,C,C,C,C,CD,CD,S,S,—
103,Exeggutor,E,E,E,E,E,E,E,T,T,E,E,T,E,E,E,E,E,E,E,DWE,DWE,E,E,T,T,T,T,E,E,C,C,CD,CD,E,E,—
103,"Exeggutor
(Alolan)",—,—,—,—,—,—,—,—,—,—,—,—,—,—,—,—,—,—,—,—,—,—,—,—,—,C,C,C,C,R,R,RD,RD,—,—,—
104,Cubone,C,C,C,C,C,C,C,T,T,C,C,T,S,S,S,C,C,B,B,DW,DW,C,C,T,T,C,C,C,C,C,C,CD,CD,C,C,—
105,Marowak,C,C,C,C,C,C,C,T,T,C,C,T,E,E,E,C,C,C,C,DWE,DWE,E,E,T,T,T,T,E,E,E,E,CD,CD,E,E,—
105,"Marowak
(Alolan)",—,—,—,—,—,—,—,—,—,—,—,—,—,—,—,—,—,—,—,—,—,—,—,—,—,E,E,R,E,R,R,RD,RD,—,—,—
106,Hitmonlee,R,R,R,R,E,E,E,T,T,R,R,T,E,E,E,E,E,E,E,DWE,DWE,FSE,FSE,E,E,T,T,T,T,C,C,C,D,E,E,—
107,Hitmonchan,R,R,R,R,E,E,E,T,T,R,R,T,E,E,E,E,E,E,E,DWE,DWE,FSE,FSE,E,E,T,T,T,T,C,C,D,C,E,E,—
108,Lickitung,R,R,C,C,C,C,C,T,T,R,R,T,S,S,C,C,C,C,C,C,C,C,C,T,T,T,T,C,C,C,C,CD,CD,C,C,C
109,Koffing,C,C,C,T,C,C,C,C,C,C,C,C,B,B,C,C,C,DW,DW,C,C,T,T,C,C,T,T,T,T,T,C,C,C,B,B,—
110,Weezing,C,C,C,T,E,E,C,E,E,C,E,E,C,C,C,C,C,DWE,DWE,C,C,T,T,E,E,T,T,T,T,T,C,RD,RD,C,C,—
110,"Weezing
(Galarian)",—,—,—,—,—,—,—,—,—,—,—,—,—,—,—,—,—,—,—,—,—,—,—,—,—,—,—,—,—,—,—,C,C,—,—,—
111,Rhyhorn,C,C,C,C,C,C,C,C,C,C,C,C,C,C,C,C,C,DW,C,R,R,C,C,C,C,S,S,S,S,C,C,C,C,C,C,C
112,Rhydon,C,C,C,C,R,R,C,E,E,E,E,E,C,C,C,C,C,DW,E,E,E,E,E,E,E,E,E,E,E,C,C,C,C,C,C,C
113,Chansey,C,C,C,C,C,C,C,Ev,Ev,C,C,Ev,C,C,C,C,C,DW,E,E,E,FS,FS,E,E,C,C,C,C,C,C,CD,CD,C,C,C
114,Tangela,C,C,C,C,C,C,C,T,T,C,C,T,Ev,Ev,C,C,C,C,C,C,C,FS,FS,C,C,T,T,T,T,C,C,CD,CD,C,C,C
115,Kangaskhan,C,C,R,C,C,C,C,Ev,Ev,C,C,Ev,S,S,S,C,C,C,C,DW,DW,C,C,Ev,Ev,C,C,C,C,C,C,CD,CD,S,S,—
116,Horsea,C,C,C,C,C,C,C,C,C,C,C,C,C,C,C,C,C,C,C,C,C,C,C,C,C,S,S,S,S,C,C,CD,CD,C,C,—
117,Seadra,C,C,C,C,C,C,C,E,E,C,E,E,C,C,C,C,C,C,C,C,C,C,C,C,C,E,E,E,E,C,C,CD,CD,C,C,—
118,Goldeen,C,C,C,C,C,C,C,C,C,C,C,C,C,C,C,C,C,C,C,C,C,C,C,C,C,C,C,C,C,C,C,C,C,C,C,—
119,Seaking,C,C,C,C,C,C,C,C,C,C,C,C,C,C,C,C,C,C,C,C,C,C,C,C,C,C,C,C,C,C,C,C,C,C,C,—
120,Staryu,C,C,C,C,C,C,C,C,C,Ev,C,C,C,C,C,C,C,C,C,C,C,C,T,C,C,C,C,C,C,C,C,CD,CD,C,C,—
121,Starmie,E,E,E,E,E,E,E,E,E,EvE,E,E,E,E,E,E,E,C,C,C,C,C,T,E,E,C,C,C,C,C,C,CD,CD,E,E,—
122,Mr. Mime,R,R,R,R,C,C,C,T,T,R,R,T,C,E,C,C,C,DW,DW,DW,S,C,C,T,T,T,T,C,C,C,C,R,R,C,C,C
122,"Mr. Mime
(Galarian)",—,—,—,—,—,—,—,—,—,—,—,—,—,—,—,—,—,—,—,—,—,—,—,—,—,—,—,—,—,—,—,C,C,—,—,—
123,Scyther,C,T,C,C,C,C,C,Ev,Ev,C,Ev,Ev,C,EvB,C,C,C,DW,DW,DW,DW,C,C,T,T,C,C,C,C,C,T,CD,CD,C,T,C
124,Jynx,R,R,C,T,C,C,C,T,T,R,R,T,E,E,C,C,C,C,C,DRE,DRE,C,C,T,T,T,T,C,C,C,C,CD,CD,E,E,—
125,Electabuzz,C,T,T,T,C,C,C,Ev,Ev,C,Ev,Ev,DE,DE,C,C,C,DWE,E,DWE,E,FS,FS,E,E,C,C,C,C,C,C,CD,CD,E,T,C
126,Magmar,T,C,T,T,C,C,C,Ev,Ev,Ev,C,Ev,DE,DE,C,C,C,DWE,E,E,DWE,FS,FS,E,E,C,C,C,C,C,C,CD,CD,T,E,C
127,Pinsir,T,C,C,C,C,C,C,C,C,T,C,C,T,C,S,C,C,C,C,C,C,C,FS,C,C,C,C,C,C,T,C,CD,T,T,C,—
128,Tauros,C,C,R,C,C,C,C,Ev,Ev,C,C,Ev,C,C,C,C,C,DW,DW,DW,DW,C,C,T,T,C,C,C,C,C,C,CD,CD,C,C,—
129,Magikarp,C,C,C,C,C,C,C,C,C,C,C,C,C,C,C,C,C,R,R,R,R,C,C,C,C,C,C,C,C,C,C,C,C,C,C,C
130,Gyarados,E,E,E,C,C,C,C,C,C,C,C,C,C,C,C,C,C,E,E,E,E,C,C,C,C,C,C,E,E,C,C,C,C,C,C,C
131,Lapras,R,R,R,R,C,C,C,T,T,C,C,T,C,C,C,C,C,C,C,C,C,C,C,T,T,C,C,C,C,C,C,C,C,C,C,—
132,Ditto,C,C,C,C,C,C,C,T,T,C,C,C,C,C,S,C,C,C,C,C,C,C,C,C,C,C,C,C,C,C,C,C,C,C,C,—
133,Eevee,R,R,R,R,R,R,R,T,T,R,R,T,C,C,C,R,R,DW,DW,C,C,C,C,C,C,C,C,C,C,C,C,C,C,C,C,C
134,Vaporeon,E,E,E,E,E,E,E,T,T,E,E,T,E,E,E,E,E,DWE,DWE,E,E,E,E,E,E,E,E,E,E,E,E,C,C,E,E,C
135,Jolteon,E,E,E,E,E,E,E,T,T,E,E,T,E,E,E,E,E,DWE,DWE,E,E,E,E,E,E,E,E,E,E,E,E,C,C,E,E,C
136,Flareon,E,E,E,E,E,E,E,T,T,E,E,T,E,E,E,E,E,DWE,DWE,E,E,E,E,E,E,E,E,E,E,E,E,C,C,E,E,C
137,Porygon,R,R,R,R,R,R,R,T,T,R,R,T,S,S,R,R,R,Ev,C,DR,DR,T,T,C,C,R,R,R,R,C,C,RD,RD,S,S,C
138,Omanyte,R,R,R,R,Ev,Ev,Ev,T,T,R,R,T,R,R,R,R,T,R,R,R,R,T,R,T,R,T,T,R,R,R,R,CD,T,R,R,—
139,Omastar,E,E,E,E,EvE,EvE,EvE,T,T,E,E,T,E,E,E,E,T,E,E,E,E,T,E,T,E,T,T,E,E,E,E,CD,T,E,E,—
140,Kabuto,R,R,R,R,Ev,Ev,Ev,T,T,R,R,T,R,R,R,T,R,R,R,R,R,T,R,R,T,T,T,R,R,R,R,T,CD,R,R,—
141,Kabutops,E,E,E,E,EvE,EvE,EvE,T,T,E,E,T,E,E,E,T,E,E,E,E,E,T,E,E,T,T,T,E,E,E,E,T,CD,E,E,—
142,Aerodactyl,R,R,R,R,R,R,R,T,T,R,R,T,R,R,R,R,R,R,R,R,R,R,R,R,R,R,R,R,R,R,R,CD,CD,R,R,—
143,Snorlax,C,C,C,C,C,C,C,T,T,C,C,T,E,E,E,C,C,E,E,R,R,C,C,T,T,C,C,C,C,C,C,C,C,E,E,C
144,Articuno,C,C,C,C,Ev,Ev,Ev,Ev,Ev,C,C,Ev,T,T,C,C,C,T,T,T,T,C,C,Ev,Ev,T,T,C,C,C,C,DA,DA,T,C,—
144,"Articuno
(Galarian)",—,—,—,—,—,—,—,—,—,—,—,—,—,—,—,—,—,—,—,—,—,—,—,—,—,—,—,—,—,—,—,CD,CD,—,—,—
145,Zapdos,C,C,C,C,Ev,Ev,Ev,Ev,Ev,C,C,Ev,T,T,C,C,C,T,T,T,T,C,C,Ev,Ev,T,T,C,C,C,C,DA,DA,T,C,—
145,"Zapdos
(Galarian)",—,—,—,—,—,—,—,—,—,—,—,—,—,—,—,—,—,—,—,—,—,—,—,—,—,—,—,—,—,—,—,CD,CD,—,—,—
146,Moltres,C,C,C,C,Ev,Ev,Ev,Ev,Ev,C,C,Ev,T,T,C,C,C,T,T,T,T,C,C,Ev,Ev,T,T,C,C,C,C,DA,DA,T,C,—
146,"Moltres
(Galarian)",—,—,—,—,—,—,—,—,—,—,—,—,—,—,—,—,—,—,—,—,—,—,—,—,—,—,—,—,—,—,—,CD,CD,—,—,—
147,Dratini,C,C,C,C,C,C,C,EvB,EvB,C,C,EvB,C,C,C,C,C,C,C,C,C,C,C,EvB,EvB,C,C,C,C,C,C,CD,CD,C,C,—
148,Dragonair,E,E,R,C,C,C,C,EvB,EvB,C,C,EvB,C,C,C,C,C,C,C,C,C,C,C,EvB,EvB,C,C,C,C,C,C,CD,CD,E,E,—
149,Dragonite,E,E,E,E,E,E,E,Ev,Ev,E,E,Ev,E,E,E,E,E,C,C,C,C,E,E,Ev,Ev,C,C,C,C,C,C,CD,CD,E,E,—
150,Mewtwo,C,C,C,C,Ev,Ev,Ev,T,T,C,C,T,T,T,T,C,C,Ev,Ev,Ev,Ev,C,C,Ev,Ev,T,T,C,C,C,C,DA,DA,C,C,—
151,Mew,Ev,Ev,Ev,Ev,Ev,Ev,Ev,Ev,Ev,Ev,Ev,EV,Ev,Ev,Ev,Ev,Ev,T,T,T,T,Ev,Ev,Ev,Ev,Ev,Ev,T,T,Ev,Ev,Ev,Ev,CCR,CCR,—
152,Chikorita,,,,,R,R,R,Ev,Ev,Ev,Ev,CCR,T,T,T,R,R,T,T,T,T,Ev,Ev,R,R,S,S,T,T,,,—,—,C,C,—
153,Bayleef,,,,,E,E,E,EvE,EvE,EvE,EvE,CCE,T,T,T,E,E,T,T,T,T,EvE,EvE,E,E,E,E,T,T,,,—,—,E,E,—
154,Meganium,,,,,E,E,E,EvE,EvE,EvE,EvE,CCE,T,T,T,E,E,T,T,T,T,Ev,Ev,E,E,E,E,T,T,,,—,—,E,E,—
155,Cyndaquil,,,,,R,R,R,Ev,Ev,Ev,Ev,CCR,T,T,T,R,R,T,T,T,T,Ev,Ev,R,R,S,S,T,T,,,—,—,C,C,C
156,Quilava,,,,,E,E,E,EvE,EvE,EvE,EvE,CCE,T,T,T,E,E,T,T,T,T,EvE,EvE,E,E,E,E,T,T,,,—,—,E,E,C
157,Typhlosion,,,,,E,E,E,Ev,Ev,Ev,Ev,CCE,T,T,T,E,E,T,T,T,T,Ev,Ev,E,E,E,E,T,T,,,—,—,E,E,—
157,Typhlosion (Hisuian),,,,,—,—,—,—,—,—,—,—,—,—,—,—,—,—,—,—,—,—,—,—,—,—,—,—,—,,,—,—,—,—,C
158,Totodile,,,,,R,R,R,Ev,Ev,Ev,Ev,CCR,T,T,T,R,R,T,T,T,T,Ev,Ev,R,R,S,S,T,T,,,—,—,C,C,—
159,Croconaw,,,,,E,E,E,EvE,EvE,EvE,EvE,CCE,T,T,T,E,E,T,T,T,T,EvE,EvE,E,E,E,E,T,T,,,—,—,E,E,—
160,Feraligatr,,,,,E,E,E,EvE,EvE,EvE,EvE,CCE,T,T,T,E,E,T,T,T,T,Ev,Ev,E,E,E,E,T,T,,,—,—,E,E,—
161,Sentret,,,,,C,C,C,T,T,C,C,T,C,C,C,C,C,S,S,B,B,C,C,T,T,T,T,T,T,,,—,—,C,C,—
162,Furret,,,,,C,C,C,T,T,E,E,T,E,E,E,C,C,E,E,S,S,E,E,T,T,T,T,T,T,,,—,—,C,C,—
163,Hoothoot,,,,,C,C,C,Ev,Ev,Ev,Ev,C,C,C,C,C,C,B,B,CCB,CCB,B,B,T,T,T,T,C,C,,,C,C,C,C,—
164,Noctowl,,,,,C,C,C,EvE,EvE,EvE,EvE,E,C,C,C,C,C,C,C,CC,CC,C,C,T,T,T,T,C,C,,,C,C,C,C,—
165,Ledyba,,,,,Ev,C,C,T,T,C,C,C,B,B,B,T,C,B,B,DW,B,C,C,T,T,C,C,C,C,,,—,—,B,B,—
166,Ledian,,,,,EvE,C,C,T,T,E,E,E,C,C,C,T,C,C,C,DWE,S,E,E,T,T,C,C,C,C,,,—,—,C,C,—
167,Spinarak,,,,,C,Ev,C,T,T,C,C,C,B,B,B,C,T,B,B,B,DW,B,B,B,B,C,C,C,C,,,—,—,B,B,—
168,Ariados,,,,,C,EvE,C,T,T,E,E,E,C,C,C,C,T,C,C,S,DWE,C,C,C,C,C,C,C,C,,,—,—,C,C,—
169,Crobat,,,,,E,E,E,E,E,E,E,E,E,E,E,E,E,C,C,C,C,E,E,E,E,C,C,C,C,,,DD,DD,E,E,C
170,Chinchou,,,,,C,C,C,C,C,T,T,C,C,C,C,C,C,C,C,C,C,C,C,C,C,C,C,C,C,,,C,C,C,C,—
171,Lanturn,,,,,C,C,C,E,E,T,T,E,C,C,E,C,C,C,C,C,C,C,C,C,C,E,E,C,C,,,C,C,C,C,—
172,Pichu,,,,,B,B,R,B,B,B,B,B,C,C,C,B,B,EvB,EvB,EvB,EvB,B,B,B,B,C,C,C,C,,,D,D,C,C,C
173,Cleffa,,,,,B,B,R,T,T,B,B,T,C,C,C,B,B,B,B,B,B,FSB,FSB,B,B,C,C,C,C,,,D,D,C,C,C
174,Igglybuff,,,,,B,B,R,B,B,B,B,B,S,S,S,B,B,B,B,B,B,B,B,B,B,C,C,C,C,,,DD,DD,S,S,—
175,Togepi,,,,,R,R,R,T,T,R,R,T,C,C,C,R,R,DW,C,R,R,FS,FS,R,R,B,B,T,T,,,C,C,C,C,C
176,Togetic,,,,,E,E,E,T,T,E,E,T,E,E,E,E,E,DWE,E,E,E,FSE,FSE,E,E,B,B,T,T,,,C,C,E,E,C
177,Natu,,,,,C,C,C,C,C,C,C,C,S,S,S,C,C,DW,DW,S,S,FSB,FSB,B,B,T,T,C,C,,,C,C,C,C,—
178,Xatu,,,,,E,E,R,C,C,E,E,C,E,E,E,R,R,DWE,DWE,E,E,FS,FS,C,C,T,T,C,C,,,C,C,E,E,—
179,Mareep,,,,,C,C,T,Ev,Ev,Ev,Ev,C,C,C,C,C,C,DW,C,C,C,C,C,Ev,Ev,T,T,C,C,,,—,—,C,C,—
180,Flaaffy,,,,,C,C,T,EvE,EvE,EvE,EvE,E,C,C,C,C,C,DW,E,E,E,E,E,EvE,EvE,T,T,C,C,,,—,—,C,C,—
181,Ampharos,,,,,E,E,T,EvE,EvE,EvE,EvE,E,E,E,E,E,E,DWE,E,E,E,E,E,EvE,EvE,T,T,E,E,,,—,—,E,E,—
182,Bellossom,,,,,E,E,E,E,E,E,EvE,E,E,E,E,E,E,DWE,E,DWE,DWE,E,E,E,E,T,T,T,T,,,C,C,E,E,—
183,Marill,,,,,C,C,C,C,C,T,C,C,C,C,C,C,C,DW,E,C,C,C,C,C,C,S,S,T,T,,,CD,CD,C,C,—
184,Azumarill,,,,,E,E,E,E,E,T,E,E,E,E,C,E,E,DWE,E,C,C,C,C,C,C,E,E,T,T,,,CD,CD,E,E,—
185,Sudowoodo,,,,,C,C,C,T,T,T,T,C,E,C,C,C,C,DW,DW,S,DW,C,C,T,T,C,C,C,C,,,C,C,E,C,C
186,Politoed,,,,,ET,ET,ET,T,T,ET,ET,T,ET,ET,ET,ET,ET,C,C,C,C,C,C,T,T,C,C,C,C,,,CD,CD,ET,ET,—
187,Hoppip,,,,,C,C,C,T,T,C,C,T,C,C,C,C,C,DW,C,S,S,C,C,T,T,T,T,T,T,,,—,—,C,C,—
188,Skiploom,,,,,C,C,C,T,T,E,E,T,C,C,E,C,C,DWE,E,E,E,E,E,T,T,T,T,T,T,,,—,—,C,C,—
189,Jumpluff,,,,,E,E,E,T,T,E,E,T,E,E,E,C,C,DWE,E,E,E,E,E,T,T,T,T,T,T,,,—,—,E,E,—
190,Aipom,,,,,C,C,C,Ev,Ev,Ev,Ev,C,C,C,C,C,C,DW,DW,B,B,FS,FS,C,C,T,T,C,C,,,—,—,C,C,C
191,Sunkern,,,,,C,C,C,Ev,Ev,Ev,Ev,C,C,C,C,C,C,C,C,C,C,FS,FS,C,C,T,T,T,T,,,—,—,C,C,—
192,Sunflora,,,,,E,E,E,EvE,EvE,EvE,EvE,E,E,E,E,E,E,C,C,E,E,FSE,FSE,E,E,T,T,T,T,,,—,—,E,E,—
193,Yanma,,,,,C,C,C,T,T,C,C,T,S,S,C,C,C,S,S,C,C,C,C,T,T,T,T,B,B,,,—,—,S,S,C
194,Wooper,,,,,C,C,C,T,T,C,T,C,C,C,C,C,C,DW,C,B,B,B,B,T,T,T,T,B,B,,,C,C,C,C,—
195,Quagsire,,,,,C,C,C,T,T,E,T,C,C,C,C,C,C,DWE,E,S,S,C,C,T,T,T,T,C,C,,,C,C,C,C,—
196,Espeon,,,,,E,E,E,Ev,Ev,Ev,Ev,Ev,E,E,E,E,E,DWE,DWE,E,E,E,E,E,E,C,C,C,C,,,C,C,E,E,C
197,Umbreon,,,,,E,E,E,Ev,Ev,Ev,Ev,Ev,E,E,E,E,E,DWE,DWE,E,E,E,E,E,E,C,C,C,C,,,C,C,E,E,C
198,Murkrow,,,,,C,C,C,Ev,Ev,C,Ev,Ev,C,T,T,C,C,C,DW,C,C,C,C,C,C,C,C,C,C,,,—,—,C,T,C
199,Slowking,,,,,ET,ET,ET,EvE,EvE,EvE,ET,EvE,T,ET,ET,ET,ET,C,C,ET,ET,ET,ET,ET,ET,ET,ET,C,C,,,DA,DA,T,ET,—
199,"Slowking
(Galarian)",,,,,—,—,—,—,—,—,—,—,—,—,—,—,—,—,—,—,—,—,—,—,—,—,—,—,—,,,ED,ED,—,—,—
200,Misdreavus,,,,,C,C,C,Ev,Ev,Ev,C,Ev,T,C,T,C,C,DW,C,DW,DW,T,T,C,C,C,C,C,C,,,—,—,T,C,C
201,Unown,,,,,C,C,C,T,T,C,C,T,C,C,C,C,C,T,T,T,T,T,T,C,C,T,T,T,T,,,—,—,C,C,C
202,Wobbuffet,,,,,C,C,C,C,C,C,C,C,C,C,C,C,C,E,E,R,R,C,C,C,C,T,T,T,T,,,C,C,C,C,—
203,Girafarig,,,,,C,C,T,C,C,T,T,C,C,C,C,C,C,DW,DW,CC,CC,FS,FS,C,C,T,T,T,T,,,—,—,C,C,—
204,Pineco,,,,,C,C,C,Ev,Ev,Ev,Ev,C,D,D,D,C,C,S,S,S,S,FSB,FSB,B,B,T,T,C,C,,,—,—,C,C,—
205,Forretress,,,,,E,E,E,EvE,EvE,EvE,EvE,E,DE,DE,DE,E,E,E,E,E,E,FS,FS,C,C,T,T,E,E,,,—,—,E,E,—
206,Dunsparce,,,,,C,C,C,T,T,C,C,T,S,S,S,C,C,C,C,C,C,C,C,T,T,T,T,C,C,,,CD,CD,S,S,—
207,Gligar,,,,,C,Ev,C,Ev,Ev,Ev,Ev,C,D,D,C,C,T,C,C,C,C,C,C,T,T,T,T,T,T,,,—,—,C,T,C
208,Steelix,,,,,ET,ET,ET,T,T,ET,ET,T,C,C,C,C,C,ET,ET,C,C,R,R,ET,ET,T,T,ET,ET,,,C,C,C,C,C
209,Snubbull,,,,,C,C,C,Ev,Ev,Ev,Ev,C,S,S,S,C,C,DW,DW,B,B,C,C,T,T,B,B,C,C,,,—,—,C,C,—
210,Granbull,,,,,E,E,C,EvE,EvE,EvE,EvE,E,E,E,E,E,E,DWE,DWE,C,C,E,E,T,T,C,C,C,C,,,—,—,E,E,—
211,Qwilfish,,,,,C,C,C,Ev,Ev,C,Ev,Ev,C,C,C,C,C,C,C,C,C,C,C,T,T,T,T,T,T,,,C,C,C,C,—
211,Qwilfish (Hisuian),,,,,—,—,—,—,—,—,—,—,—,—,—,—,—,—,—,—,—,—,—,—,—,—,—,—,—,,,—,—,—,—,C
212,Scizor,,,,,ET,ET,ET,EvE,EvE,ET,EvE,EvE,ET,Ev,ET,ET,ET,DWET,DWET,DWET,DWET,ET,ET,T,T,ET,ET,ET,ET,,,CD,CD,ET,T,C
213,Shuckle,,,,,C,C,C,Ev,Ev,Ev,Ev,C,D,D,D,C,C,C,C,C,C,C,C,T,T,T,T,T,T,,,C,C,C,C,—
214,Heracross,,,,,C,C,C,C,C,C,C,C,C,C,C,C,C,C,C,C,C,FS,C,C,C,T,T,C,C,,,T,CD,C,C,C
215,Sneasel,,,,,C,C,C,Ev,Ev,Ev,C,Ev,C,C,C,C,C,C,C,C,C,C,C,T,T,C,C,C,C,,,C,C,C,C,C
215,Sneasel (Hisuian),,,,,—,—,—,—,—,—,—,—,—,—,—,—,—,—,—,—,—,—,—,—,—,—,—,—,—,,,—,—,—,—,C
216,Teddiursa,,,,,C,Ev,C,Ev,Ev,Ev,Ev,C,D,D,D,T,C,DW,DW,R,R,B,B,T,T,T,T,T,T,,,—,—,T,C,C
217,Ursaring,,,,,C,EvE,C,EvE,EvE,EvE,EvE,E,D,D,D,T,C,DWE,DWE,E,E,C,C,T,T,T,T,T,T,,,—,—,T,E,C
218,Slugma,,,,,C,C,C,C,C,C,C,C,C,C,C,C,C,DW,DW,DW,DW,C,C,C,C,T,T,B,B,,,—,—,C,C,—
219,Magcargo,,,,,E,E,E,E,E,C,C,E,C,C,C,E,E,DWE,DWE,DWE,DWE,E,E,E,E,T,T,C,C,,,—,—,C,C,—
220,Swinub,,,,,C,C,C,T,T,C,C,T,S,S,C,C,C,B,B,B,B,B,B,T,T,S,S,S,S,,,C,C,C,C,C
221,Piloswine,,,,,E,E,E,T,T,E,E,T,E,E,C,E,E,C,C,C,C,C,C,T,T,E,E,E,E,,,C,C,E,E,C
222,Corsola,,,,,C,C,C,C,C,Ev,Ev,C,S,S,S,C,C,C,C,C,C,C,C,C,C,C,C,C,C,,,T,RD,C,C,—
222,"Corsola
(Galarian)",,,,,—,—,—,—,—,—,—,—,—,—,—,—,—,—,—,—,—,—,—,—,—,—,—,—,—,,,T,C,—,—,—
223,Remoraid,,,,,C,C,Ev,T,T,T,C,C,C,C,C,C,C,C,C,C,C,C,C,C,C,T,T,C,C,,,C,C,C,C,C
224,Octillery,,,,,E,E,EvE,T,T,T,E,E,C,C,C,E,E,C,C,C,C,C,C,C,C,T,T,C,C,,,C,C,C,C,C
225,Delibird,,,,,Ev,C,C,Ev,Ev,C,Ev,Ev,S,S,S,T,C,C,C,C,C,C,C,C,C,C,C,C,C,,,C,C,C,C,—
226,Mantine,,,,,C,Ev,C,Ev,Ev,Ev,C,Ev,E,E,E,C,T,C,C,C,C,E,E,C,C,T,T,E,E,,,C,C,E,E,C
227,Skarmory,,,,,Ev,C,C,C,C,C,T,C,C,C,C,T,C,DW,DW,C,C,C,C,C,C,C,C,C,C,,,CD,CD,C,C,—
228,Houndour,,,,,C,C,C,Ev,Ev,Ev,Ev,C,T,B,C,C,C,S,DW,DW,DW,C,EvB,T,T,T,T,C,T,,,—,—,B,B,—
229,Houndoom,,,,,E,E,E,EvE,EvE,EvE,EvE,E,T,C,E,C,C,E,DWE,DWE,DWE,E,Ev,T,T,T,T,C,T,,,—,—,C,C,—
230,Kingdra,,,,,ET,ET,ET,ET,ET,ET,ET,ET,ET,ET,ET,ET,ET,C,C,C,C,ET,ET,ET,ET,ET,ET,ET,ET,,,CD,CD,ET,ET,—
231,Phanpy,,,,,Ev,C,C,C,C,C,C,C,S,S,S,C,T,DW,DW,R,R,FS,FS,B,B,T,T,T,T,,,—,—,C,C,—
232,Donphan,,,,,EvE,C,C,E,E,E,E,E,E,E,E,C,T,DWE,DWE,E,E,FSE,FSE,C,C,T,T,T,T,,,—,—,E,E,—
233,Porygon2,,,,,ET,ET,ET,T,T,ET,ET,T,ET,ET,ET,ET,ET,EvE,ET,DRET,DRET,T,T,ET,ET,ET,ET,ET,ET,,,EDT,EDT,ET,ET,C
234,Stantler,,,,,C,C,C,Ev,Ev,Ev,Ev,C,T,C,C,C,C,C,C,DW,DW,T,T,C,C,T,T,T,T,,,—,—,T,C,C
235,Smeargle,,,,,C,C,C,Ev,Ev,Ev,Ev,C,C,C,C,C,C,S,S,DW,DW,C,C,Ev,Ev,C,C,C,C,,,—,—,C,C,—
236,Tyrogue,,,,,R,R,R,T,T,B,B,T,C,C,C,R,R,S,S,DW,DW,FS,FS,C,C,T,T,T,T,,,C,C,C,C,—
237,Hitmontop,,,,,E,E,E,T,T,E,E,T,E,E,E,E,E,E,E,DWE,DWE,FSE,FSE,E,E,T,T,T,T,,,C,C,E,E,—
238,Smoochum,,,,,B,B,R,T,T,B,B,T,S,S,C,B,B,B,B,DR,DR,C,C,T,T,T,T,C,C,,,CD,CD,C,C,—
239,Elekid,,,,,B,B,R,EvB,EvB,B,EvB,EvB,D,D,B,B,B,DW,C,DW,C,FSB,FSB,C,C,C,C,C,C,,,CD,CD,C,T,C
240,Magby,,,,,B,B,R,EvB,EvB,EvB,B,EvB,D,D,B,B,B,DW,C,C,DW,FSB,FSB,C,C,C,C,C,C,,,CD,CD,T,C,C
241,Miltank,,,,,C,C,C,T,T,T,T,C,C,C,C,C,C,DW,DW,DW,DW,C,C,Ev,Ev,C,C,C,C,,,CD,CD,C,C,—
242,Blissey,,,,,E,E,E,EvE,EvE,E,E,EvE,E,E,E,E,E,DWE,E,E,E,FSE,FSE,E,E,E,E,C,C,,,CD,CD,E,E,C
243,Raikou,,,,,C,C,C,Ev,Ev,C,C,Ev,Ev,Ev,Ev,C,C,T,T,T,T,T,T,C,C,T,Ev,C,Ev,,,DA,DA,C,T,—
244,Entei,,,,,C,C,C,Ev,Ev,C,C,Ev,Ev,Ev,Ev,C,C,T,T,T,T,T,T,C,C,Ev,T,Ev,C,,,DA,DA,C,T,—
245,Suicune,,,,,C,C,C,Ev,Ev,C,C,Ev,Ev,Ev,Ev,C,C,T,T,T,T,T,T,C,C,T,T,CC,CC,,,DA,DA,C,T,—
246,Larvitar,,,,,C,C,C,EvB,EvB,C,C,EvB,C,T,S,C,C,B,B,B,B,FSB,C,EvB,EvB,T,T,C,C,,,EV,C,C,T,—
247,Pupitar,,,,,E,E,C,EvB,EvB,E,E,EvB,E,T,E,C,C,C,C,C,C,FS,C,EvB,EvB,T,T,E,E,,,EVE,C,C,T,—
248,Tyranitar,,,,,E,E,E,Ev,Ev,E,E,Ev,E,T,E,E,E,C,C,C,C,FSE,E,Ev,Ev,T,T,E,E,,,EVE,C,E,T,—
249,Lugia,,,,,C,C,C,Ev,Ev,EV,EV,EV,T,T,T,C,C,T,T,DR,DR,Ev,Ev,Ev,C,Ev,Ev,Ev,C,,,CCDA,DA,T,C,—
250,Ho-Oh,,,,,C,C,C,Ev,Ev,EV,EV,EV,T,T,T,C,C,T,T,DR,DR,T,T,C,Ev,Ev,Ev,C,T,,,DA,CCDA,C,T,—
251,Celebi,,,,,Ev,Ev,C*,Ev,Ev,Ev,Ev,Ev,Ev,Ev,Ev,Ev,Ev,T,T,T,T,Ev,Ev,Ev,Ev,Ev,Ev,Ev,Ev,,,T,T,T,T,—
252,Treecko,,,,,,,,R,R,Ev,Ev,R,T,T,T,R,R,Ev,Ev,T,T,T,T,R,R,T,T,B,B,,,BD,BD,C,C,—
253,Grovyle,,,,,,,,E,E,EvE,EvE,E,T,T,T,E,E,EvE,EvE,T,T,T,T,E,E,T,T,S,S,,,DA,DA,E,E,—
254,Sceptile,,,,,,,,E,E,EvE,EvE,E,T,T,T,E,E,Ev,Ev,T,T,T,T,E,E,T,T,E,E,,,DA,DA,E,E,—
255,Torchic,,,,,,,,R,R,Ev,Ev,R,T,T,T,R,R,Ev,Ev,T,T,Ev,Ev,R,R,T,T,B,B,,,BD,BD,C,C,—
256,Combusken,,,,,,,,E,E,EvE,EvE,E,T,T,T,E,E,EvE,EvE,T,T,EvE,EvE,E,E,T,T,S,S,,,DA,DA,E,E,—
257,Blaziken,,,,,,,,E,E,Ev,Ev,E,T,T,T,E,E,Ev,Ev,T,T,EvE,EvE,E,E,T,T,E,E,,,DA,DA,E,E,—
258,Mudkip,,,,,,,,R,R,Ev,Ev,R,T,T,T,R,R,Ev,Ev,T,T,T,T,R,R,T,T,B,B,,,BD,BD,C,C,—
259,Marshtomp,,,,,,,,E,E,EvE,EvE,E,T,T,T,E,E,EvE,EvE,T,T,T,T,E,E,T,T,S,S,,,DA,DA,E,E,—
260,Swampert,,,,,,,,E,E,EvE,EvE,E,T,T,T,E,E,Ev,Ev,T,T,T,T,E,E,T,T,E,E,,,DA,DA,E,E,—
261,Poochyena,,,,,,,,C,C,T,T,C,B,T,C,S,S,DW,S,DW,DW,B,FSB,C,C,T,T,EvB,EvB,,,—,—,C,C,—
262,Mightyena,,,,,,,,E,E,T,T,C,C,T,E,E,E,DWE,E,DWE,DWE,C,FS,E,E,T,T,Ev,Ev,,,—,—,C,C,—
263,Zigzagoon,,,,,,,,C,C,Ev,Ev,C,S,S,S,C,C,DW,DW,DW,DW,C,C,C,C,T,T,T,T,,,RD,RD,C,C,—
263,"Zigzagoon
(Galarian)",,,,,,,,—,—,—,—,—,—,—,—,—,—,—,—,—,—,—,—,—,—,—,—,—,—,,,C,C,—,—,—
264,Linoone,,,,,,,,C,C,EvE,EvE,C,E,E,E,C,C,DWE,DWE,DWE,DWE,E,E,C,C,T,T,T,T,,,ED,ED,E,E,—
264,"Linoone
(Galarian)",,,,,,,,—,—,—,—,—,—,—,—,—,—,—,—,—,—,—,—,—,—,—,—,—,—,,,C,C,—,—,—
265,Wurmple,,,,,,,,C,C,T,T,C,C,C,C,C,C,DW,C,DW,DW,FSB,FSB,C,C,T,T,T,T,,,—,—,C,C,C
266,Silcoon,,,,,,,,C,C,T,T,C,C,E,C,C,C,DWE,E,DWE,DWE,FSB,FSB,C,C,T,T,T,T,,,—,—,C,E,C
267,Beautifly,,,,,,,,E,E,T,T,E,C,C,C,C,C,DWE,E,DWE,DWE,FS,FS,E,E,T,T,T,T,,,—,—,C,C,C
268,Cascoon,,,,,,,,C,C,T,T,C,E,C,C,C,C,DWE,E,DWE,DWE,FS,FS,C,C,T,T,T,T,,,—,—,E,C,C
269,Dustox,,,,,,,,E,E,T,T,E,E,C,C,C,C,DWE,E,DWE,DWE,FSE,FSE,E,E,T,T,T,T,,,—,—,E,C,C
270,Lotad,,,,,,,,Ev,C,Ev,Ev,C,D,D,D,C,C,DW,C,B,B,B,B,T,C,T,T,B,B,,,T,C,T,C,—
271,Lombre,,,,,,,,EvE,C,EvE,EvE,C,D,D,D,E,E,DWE,E,C,C,C,C,T,C,T,T,C,C,,,T,C,T,C,—
272,Ludicolo,,,,,,,,Ev,E,EvE,EvE,E,DE,DE,DE,E,E,DWE,E,E,E,E,E,T,E,T,T,E,E,,,T,C,T,E,—
273,Seedot,,,,,,,,C,CCS,Ev,Ev,C,D,D,D,C,C,DW,C,CCB,CCB,FSB,FSB,C,T,T,T,B,B,,,C,T,C,T,—
274,Nuzleaf,,,,,,,,C,CCS,EvE,EvE,C,D,D,D,C,C,DWE,E,CC,CC,FS,FS,C,T,T,T,C,C,,,C,T,C,T,—
275,Shiftry,,,,,,,,E,CCE,EvE,EvE,E,DE,DE,DE,E,E,DWE,E,CC,CC,FSE,FSE,E,T,T,T,E,E,,,C,T,E,T,—
276,Taillow,,,,,,,,C,C,Ev,Ev,C,B,B,B,C,C,B,B,B,B,C,C,C,C,T,T,B,B,,,—,—,B,B,—
277,Swellow,,,,,,,,C,C,EvE,EvE,C,C,C,C,E,E,C,C,S,S,E,E,E,E,T,T,C,C,,,—,—,C,C,—
278,Wingull,,,,,,,,C,C,T,T,C,C,C,C,S,S,C,C,B,B,C,C,C,C,C,C,C,C,,,C,C,C,C,—
279,Pelipper,,,,,,,,C,C,T,T,C,C,C,C,E,E,C,C,C,C,E,E,C,C,C,C,C,C,,,C,C,C,C,—
280,Ralts,,,,,,,,C,C,T,T,C,C,C,C,S,S,DW,C,R,R,C,C,C,C,T,T,S,S,,,C,C,C,C,C
281,Kirlia,,,,,,,,E,E,T,T,E,C,C,C,E,E,DWE,E,E,E,E,E,E,E,T,T,E,E,,,C,C,C,C,C
282,Gardevoir,,,,,,,,E,E,T,T,E,E,E,E,E,E,DWE,E,E,E,E,E,E,E,T,T,E,E,,,C,C,E,E,C
283,Surskit,,,,,,,,C,C,Ev,Ev,CCS,S,S,C,C,C,DW,C,B,B,B,B,C,C,C,C,C,C,,,—,—,C,C,—
284,Masquerain,,,,,,,,E,E,EvE,EvE,CCE,E,E,C,C,C,DWE,E,S,S,C,C,C,C,C,C,C,C,,,—,—,E,E,—
285,Shroomish,,,,,,,,C,C,T,T,C,S,S,S,C,C,S,DW,B,B,FSB,FSB,C,C,T,T,T,T,,,—,—,S,S,—
286,Breloom,,,,,,,,E,E,T,T,E,E,E,E,C,C,E,DWE,C,C,FS,FS,E,E,T,T,T,T,,,—,—,E,E,—
287,Slakoth,,,,,,,,C,C,T,T,C,S,S,S,C,C,DW,C,B,B,T,T,C,C,B,B,T,T,,,—,—,S,S,—
288,Vigoroth,,,,,,,,E,E,T,T,E,E,E,E,C,C,DWE,E,C,C,T,T,E,E,S,S,T,T,,,—,—,E,E,—
289,Slaking,,,,,,,,E,E,T,T,E,E,E,E,E,E,DWE,E,C,C,T,T,E,E,E,E,T,T,,,—,—,E,E,—
290,Nincada,,,,,,,,C,C,T,T,C,C,C,C,C,C,DW,DW,DW,DW,C,C,C,C,T,T,T,T,,,C,C,C,C,—
291,Ninjask,,,,,,,,E,E,T,T,E,E,E,E,E,E,DWE,DWE,DWE,DWE,E,E,E,E,T,T,T,T,,,C,C,E,E,—
292,Shedinja,,,,,,,,E,E,T,T,E,E,E,E,E,E,DWE,DWE,DWE,DWE,E,E,E,E,T,T,T,T,,,D,D,E,E,—
293,Whismur,,,,,,,,C,C,Ev,Ev,C,B,B,B,C,C,DW,C,DW,DW,C,C,C,C,T,T,T,T,,,CD,CD,B,B,—
294,Loudred,,,,,,,,C,C,EvE,EvE,C,C,C,C,E,E,DWE,E,DWE,DWE,E,E,C,C,T,T,T,T,,,CD,CD,C,C,—
295,Exploud,,,,,,,,E,E,EvE,EvE,E,E,E,E,E,E,DWE,E,DWE,DWE,E,E,E,E,T,T,T,T,,,DD,DD,E,E,—
296,Makuhita,,,,,,,,C,C,T,T,C,S,S,S,C,C,DW,DW,B,B,B,B,C,C,C,C,C,C,,,—,—,S,S,—
297,Hariyama,,,,,,,,C,C,T,T,C,E,E,E,E,E,DWE,DWE,C,C,C,C,C,C,C,C,C,C,,,—,—,E,E,—
298,Azurill,,,,,,,,B,B,T,B,B,C,C,C,C,C,DWB,C,C,C,C,C,B,B,B,B,T,T,,,CD,CD,C,C,—
299,Nosepass,,,,,,,,C,C,T,T,C,S,S,C,C,C,DW,DW,C,C,C,C,C,C,C,C,C,C,,,—,—,S,S,C
300,Skitty,,,,,,,,C,C,Ev,Ev,C,S,S,S,PW,PW,DW,DW,DW,C,C,C,C,C,T,T,T,T,,,—,—,C,C,—
301,Delcatty,,,,,,,,E,E,EvE,EvE,E,E,E,E,PWE,PWE,DWE,DWE,DWE,C,E,E,E,E,T,T,T,T,,,—,—,E,E,—
302,Sableye,,,,,,,,Ev,C,Ev,Ev,C,D,D,D,S,T,C,C,R,R,C,C,Ev,C,C,C,C,C,,,T,C,T,C,—
303,Mawile,,,,,,,,C,Ev,Ev,Ev,C,D,D,D,T,S,C,C,R,R,C,C,C,T,T,T,C,C,,,C,T,C,T,—
304,Aron,,,,,,,,C,C,T,T,C,C,T,C,C,C,DW,C,C,C,C,EvB,C,C,T,T,B,B,,,CD,CD,C,C,—
305,Lairon,,,,,,,,C,C,T,T,C,E,T,E,C,C,DWE,E,C,C,C,EvB,C,C,T,T,B,B,,,CD,CD,C,C,—
306,Aggron,,,,,,,,E,E,T,T,E,E,T,E,E,E,DWE,E,E,E,E,Ev,E,E,T,T,S,S,,,CD,CD,E,E,—
307,Meditite,,,,,,,,C,C,Ev,Ev,Ev,C,C,C,C,C,DW,DW,B,B,C,C,C,C,T,T,B,B,,,—,—,C,C,—
308,Medicham,,,,,,,,C,C,EvE,EvE,EvE,C,C,C,C,C,DWE,DWE,C,C,E,E,C,C,T,T,C,C,,,—,—,C,C,—
309,Electrike,,,,,,,,C,C,T,T,C,S,S,S,C,C,DW,DW,B,B,FSB,C,C,C,T,T,T,C,,,C,C,S,S,—
310,Manectric,,,,,,,,C,C,T,T,C,E,E,E,C,C,DWE,DWE,C,C,FS,E,E,E,T,T,T,C,,,C,C,E,E,—
311,Plusle,,,,,,,,C,C,Ev,Ev,C,S,S,S,C,C,S,DW,S,DW,C,C,C,C,T,T,T,T,,,—,—,S,S,—
312,Minun,,,,,,,,C,C,Ev,Ev,C,S,S,S,C,C,DW,S,DW,S,C,C,C,C,T,T,T,T,,,—,—,S,S,—
313,Volbeat,,,,,,,,C,C,T,T,C,C,C,C,C,C,S,B,S,B,C,C,C,C,T,T,T,T,,,—,—,C,C,—
314,Illumise,,,,,,,,C,C,T,T,C,C,C,C,C,C,B,S,B,S,C,C,C,C,T,T,T,T,,,—,—,C,C,—
315,Roselia,,,,,,,,C,C,Ev,Ev,Ev,C,C,C,C,C,DW,E,C,C,C,C,C,C,S,S,T,T,,,C,C,C,C,C
316,Gulpin,,,,,,,,C,C,T,T,C,S,S,S,T,S,DW,DW,B,B,C,C,C,C,T,T,T,T,,,—,—,S,S,—
317,Swalot,,,,,,,,E,E,T,T,E,E,E,E,T,E,DWE,DWE,S,S,E,E,E,E,T,T,T,T,,,—,—,E,E,—
318,Carvanha,,,,,,,,C,C,T,T,C,C,C,C,PW,PW,C,C,C,C,C,C,C,C,B,B,C,C,,,CD,CD,C,C,—
319,Sharpedo,,,,,,,,C,C,T,T,C,C,C,E,PWE,PWE,C,C,C,C,C,C,C,C,C,C,C,C,,,CD,CD,C,C,—
320,Wailmer,,,,,,,,C,C,T,T,C,C,C,C,PW,PW,C,C,C,C,C,C,C,C,C,C,C,C,,,C,C,C,C,—
321,Wailord,,,,,,,,C,C,T,T,C,C,C,C,PWE,PWE,C,C,C,C,E,E,E,E,C,C,C,C,,,C,C,C,C,—
322,Numel,,,,,,,,C,C,T,T,C,C,C,C,C,C,DW,DW,DW,C,FSB,FSB,C,C,T,T,T,T,,,—,—,C,C,—
323,Camerupt,,,,,,,,E,E,T,T,E,C,C,C,E,E,DWE,DW,DWE,C,FS,FS,R,R,T,T,T,T,,,—,—,C,C,—
324,Torkoal,,,,,,,,C,C,T,T,C,C,C,C,C,C,DW,DW,DW,DW,C,C,C,C,C,C,C,C,,,C,C,C,C,—
325,Spoink,,,,,,,,C,C,Ev,Ev,C,S,S,S,C,C,DW,DW,C,DW,C,C,C,C,T,T,B,B,,,—,—,S,S,—
326,Grumpig,,,,,,,,E,E,EvE,EvE,E,E,E,E,E,E,DWE,DWE,C,DWE,E,E,E,E,T,T,C,C,,,—,—,E,E,—
327,Spinda,,,,,,,,C,C,Ev,Ev,C,S,S,S,C,C,DW,DW,R,R,C,C,C,C,C,C,C,C,,,—,—,S,S,—
328,Trapinch,,,,,,,,C,C,T,T,C,C,C,T,C,C,DW,C,C,C,C,C,C,C,C,C,C,C,,,C,C,C,C,—
329,Vibrava,,,,,,,,E,E,T,T,E,C,C,T,C,C,DWE,E,C,C,E,E,E,E,E,E,E,E,,,D,D,C,C,—
330,Flygon,,,,,,,,E,E,T,T,E,E,E,T,E,E,DWE,E,E,E,E,E,E,E,E,E,E,E,,,C,C,E,E,—
331,Cacnea,,,,,,,,C,C,Ev,Ev,C,C,C,C,C,C,DW,DW,B,B,FSB,FSB,C,C,T,T,T,T,,,—,—,C,C,—
332,Cacturne,,,,,,,,E,E,EvE,EvE,E,C,C,C,C,C,DWE,DWE,S,S,FS,FS,E,E,T,T,T,T,,,—,—,C,C,—
333,Swablu,,,,,,,,C,C,Ev,Ev,C,C,C,C,S,S,B,B,C,C,C,C,C,C,T,T,B,B,,,CD,CD,C,C,—
334,Altaria,,,,,,,,C,C,EvE,EvE,C,E,E,E,E,E,C,C,C,C,C,C,E,E,T,T,C,C,,,CD,CD,E,E,—
335,Zangoose,,,,,,,,C,Ev,Ev,Ev,Ev,D,D,D,C,C,C,C,C,C,C,C,C,T,T,T,T,T,,,—,—,C,T,—
336,Seviper,,,,,,,,Ev,C,Ev,Ev,C,D,D,D,C,C,C,C,C,C,C,C,T,C,T,T,T,T,,,—,—,T,C,—
337,Lunatone,,,,,,,,Ev,C,Ev,Ev,Ev,D,D,D,C,C,C,C,C,C,C,C,T,C,Ev,Ev,T,T,,,T,C,T,C,—
338,Solrock,,,,,,,,C,Ev,Ev,Ev,C,D,D,D,C,C,C,C,C,C,C,C,C,T,Ev,Ev,T,T,,,C,T,C,T,—
339,Barboach,,,,,,,,C,C,T,T,C,C,C,C,C,C,C,C,C,C,C,C,C,C,C,C,C,C,,,C,C,C,C,C
340,Whiscash,,,,,,,,C,C,T,T,C,C,C,C,S,S,C,C,C,C,C,C,C,C,C,C,E,E,,,C,C,C,C,C
341,Corphish,,,,,,,,C,C,Ev,Ev,C,C,C,C,C,C,DW,C,C,C,C,C,C,C,T,T,C,C,,,C,C,C,C,—
342,Crawdaunt,,,,,,,,E,E,EvE,EvE,E,C,C,C,E,E,DWE,E,C,C,C,C,C,C,T,T,C,C,,,C,C,C,C,—
343,Baltoy,,,,,,,,C,C,T,T,C,C,C,C,S,T,B,B,C,C,T,T,C,C,T,T,T,C,,,C,C,C,C,—
344,Claydol,,,,,,,,C,C,T,T,C,E,E,E,E,T,C,C,E,E,T,T,C,C,T,T,T,E,,,C,C,E,E,—
345,Lileep,,,,,,,,R,R,T,T,R,R,R,R,T,R,R,R,R,R,R,T,R,R,T,T,R,R,,,CD,CD,R,R,—
346,Cradily,,,,,,,,E,E,T,T,E,E,E,E,T,E,E,E,E,E,E,T,E,E,T,T,E,E,,,DA,DA,E,E,—
347,Anorith,,,,,,,,R,R,T,T,R,R,R,R,R,T,R,R,R,R,R,T,R,R,T,T,R,R,,,CD,CD,R,R,—
348,Armaldo,,,,,,,,E,E,T,T,E,E,E,E,E,T,E,E,E,E,E,T,E,E,T,T,E,E,,,CD,CD,E,E,—
349,Feebas,,,,,,,,C,C,T,T,C,C,C,C,PW,PW,C,C,C,C,T,T,C,C,C,C,C,C,,,C,C,C,C,—
350,Milotic,,,,,,,,E,E,T,T,E,E,E,E,PWE,PWE,C,C,C,C,T,T,E,E,ET,ET,ET,ET,,,C,C,E,E,—
351,Castform,,,,,,,,R,R,T,T,R,S,S,S,PW,PW,DW,DW,C,C,T,T,R,R,C,C,C,C,,,—,—,S,S,—
352,Kecleon,,,,,,,,C,C,T,T,C,C,T,S,PW,PW,DW,DW,CC,CC,C,C,C,C,T,T,C,C,,,—,—,C,T,—
353,Shuppet,,,,,,,,C,C,T,T,C,B,B,B,C,C,S,S,B,B,B,B,C,C,T,T,C,C,,,—,—,B,B,—
354,Banette,,,,,,,,E,C,T,T,C,C,C,C,C,C,E,E,C,C,C,C,E,E,T,T,C,C,,,—,—,C,C,—
355,Duskull,,,,,,,,C,C,T,T,C,C,C,C,C,C,DW,DW,DW,DW,FSB,FSB,C,C,T,T,T,T,,,C,C,C,C,C
356,Dusclops,,,,,,,,C,E,T,T,E,C,C,C,C,C,DWE,DWE,DWE,DWE,FS,FS,E,E,T,T,T,T,,,C,C,C,C,C
357,Tropius,,,,,,,,C,C,T,T,C,Ev,Ev,C,PW,PW,C,C,C,C,FS,FS,C,C,T,T,C,C,,,—,—,C,C,—
358,Chimecho,,,,,,,,C,C,Ev,Ev,C,C,C,C,C,C,C,C,DW,DW,E,E,C,C,T,T,T,T,,,—,—,C,C,C
359,Absol,,,,,,,,C,C,Ev,Ev,C,S,S,C,C,C,C,C,C,C,C,C,C,C,C,C,C,C,,,CD,CD,C,C,—
360,Wynaut,,,,,,,,C,C,B,B,C,B,B,B,B,B,S,S,B,B,B,B,R,R,T,T,T,T,,,D,D,B,B,—
361,Snorunt,,,,,,,,C,C,T,T,C,C,C,C,PW,PW,DW,DW,DW,DW,FS,FS,C,C,C,C,C,C,,,C,C,C,C,C
362,Glalie,,,,,,,,E,E,T,T,E,E,E,E,PWE,PWE,DWE,DWE,DWE,DWE,FSE,FSE,E,E,C,C,C,C,,,C,C,C,C,C
363,Spheal,,,,,,,,C,C,T,T,C,T,C,B,C,C,C,C,C,C,FS,FS,C,C,S,S,S,S,,,CD,CD,B,C,C
364,Sealeo,,,,,,,,E,E,T,T,E,T,C,C,C,C,C,C,C,C,FSE,FSE,C,C,E,E,E,E,,,CD,CD,E,C,C
365,Walrein,,,,,,,,E,E,T,T,E,T,E,E,E,E,C,C,C,C,FSE,FSE,E,E,E,E,E,E,,,CD,CD,C,C,C
366,Clamperl,,,,,,,,C,C,T,T,C,C,C,T,S,S,C,C,C,C,C,C,C,C,T,T,C,C,,,—,—,C,C,—
367,Huntail,,,,,,,,ET,ET,T,T,ET,ET,ET,T,ET,ET,C,ET,C,ET,C,ET,ET,ET,T,T,C,C,,,—,—,ET,ET,—
368,Gorebyss,,,,,,,,ET,ET,T,T,ET,ET,ET,T,ET,ET,ET,C,ET,C,ET,C,ET,ET,T,T,C,C,,,—,—,ET,ET,—
369,Relicanth,,,,,,,,C,C,T,T,C,C,C,C,S,S,C,C,C,C,C,C,C,C,C,C,C,C,,,CD,CD,C,C,—
370,Luvdisc,,,,,,,,C,C,T,T,C,C,C,C,S,S,C,C,C,C,C,C,C,C,C,C,C,C,,,—,—,C,C,—
371,Bagon,,,,,,,,C,C,T,T,C,EvB,C,C,C,C,DW,C,C,C,C,C,C,C,C,C,C,C,,,CD,T,T,C,—
372,Shelgon,,,,,,,,E,E,T,T,E,EvB,E,E,C,C,DWE,E,E,E,E,E,E,E,C,C,C,C,,,DD,T,T,C,—
373,Salamence,,,,,,,,E,E,T,T,E,Ev,E,E,E,E,DWE,E,E,E,E,E,E,E,C,C,C,C,,,CD,T,T,E,—
374,Beldum,,,,,,,,R,R,EvB,EvB,R,S,S,S,C,C,B,B,B,B,FSB,FSB,R,R,C,C,C,C,,,CD,CD,C,C,—
375,Metang,,,,,,,,E,E,Ev,Ev,E,E,E,E,C,C,C,C,C,C,FS,FS,E,E,C,C,E,E,,,CD,CD,E,E,—
376,Metagross,,,,,,,,E,E,EvE,EvE,E,E,E,E,E,E,C,C,C,C,FSE,FSE,E,E,E,E,E,E,,,CD,CD,E,E,—
377,Regirock,,,,,,,,C,C,Ev,Ev,C,T,T,EV,T,T,T,T,C,C,Ev,Ev,C,C,T,T,C,C,,,CD,CD,C,C,—
378,Regice,,,,,,,,C,C,Ev,Ev,C,T,T,EV,T,T,T,T,CC,C,Ev,Ev,C,C,T,T,C,C,,,CD,CD,C,C,—
379,Registeel,,,,,,,,C,C,Ev,Ev,C,T,T,EV,T,T,T,T,C,CC,Ev,Ev,C,C,T,T,C,C,,,CD,CD,C,C,—
380,Latias,,,,,,,,EV,C,Ev,Ev,C,T,T,T,C,EV,T,T,T,C,T,T,EV,R,Ev,T,Ev,C,,,CCDA,DA,C,C,—
381,Latios,,,,,,,,C,EV,Ev,Ev,C,T,T,T,EV,C,T,T,C,T,Ev,Ev,R,EV,T,Ev,C,Ev,,,DA,CCDA,C,C,—
382,Kyogre,,,,,,,,T,C,T,T,C,T,T,T,C,T,Ev,Ev,T,Ev,Ev,Ev,Ev,C,Ev,T,Ev,C,,,CCDA,DA,C,C,—
383,Groudon,,,,,,,,C,T,T,T,C,T,T,T,T,C,Ev,Ev,Ev,T,Ev,Ev,C,Ev,T,Ev,C,Ev,,,DA,CCDA,C,C,—
384,Rayquaza,,,,,,,,C,C,T,T,C,Ev,Ev,T,CC,CC,Ev,Ev,T,T,Ev,Ev,C,C,T,T,CC,CC,,,DA,DA,C,C,—
385,Jirachi,,,,,,,,Ev,Ev,Ev,Ev,Ev,Ev,Ev,Ev,Ev,Ev,Ev,Ev,Ev,Ev,Ev,Ev,Ev,Ev,Ev,Ev,Ev,Ev,,,T,T,CCR,CCR,—
386,Deoxys,,,,,,,,Ev,Ev,EV,EV,EV,Ev,Ev,Ev,Ev,Ev,Ev,Ev,Ev,Ev,T,T,C,C,T,T,T,T,,,—,—,T,T,—
387,Turtwig,,,,,,,,,,,,,R,R,R,T,T,Ev,Ev,EvB,EvB,T,T,R,R,T,T,B,B,,,—,—,C,C,C
388,Grotle,,,,,,,,,,,,,E,E,E,T,T,EvE,EvE,EvB,EvB,T,T,E,E,T,T,S,S,,,—,—,E,E,C
389,Torterra,,,,,,,,,,,,,E,E,E,T,T,EvE,EvE,Ev,Ev,T,T,E,E,T,T,E,E,,,—,—,E,E,C
390,Chimchar,,,,,,,,,,,,,R,R,R,Ev,Ev,Ev,Ev,EvB,EvB,EvB,EvB,R,R,T,T,B,B,,,—,—,C,C,C
391,Monferno,,,,,,,,,,,,,E,E,E,EvE,EvE,EvE,EvE,EvB,EvB,EvB,EvB,E,E,T,T,S,S,,,—,—,E,E,C
392,Infernape,,,,,,,,,,,,,E,E,E,EvE,EvE,EvE,EvE,Ev,Ev,Ev,Ev,E,E,T,T,E,E,,,—,—,E,E,C
393,Piplup,,,,,,,,,,,,,R,R,R,T,T,Ev,Ev,Ev,Ev,Ev,Ev,R,R,Ev,Ev,B,B,,,—,—,C,C,C
394,Prinplup,,,,,,,,,,,,,E,E,E,T,T,EvE,EvE,EvE,EvE,EvE,EvE,E,E,EvE,EvE,S,S,,,—,—,E,E,C
395,Empoleon,,,,,,,,,,,,,E,E,E,T,T,EvE,EvE,Ev,Ev,EvE,EvE,E,E,EvE,EvE,E,E,,,—,—,E,E,C
396,Starly,,,,,,,,,,,,,C,C,C,C,C,DWB,C,DWB,DWB,C,C,T,T,B,B,T,T,,,—,—,C,C,C
397,Staravia,,,,,,,,,,,,,C,C,C,E,E,DW,E,DW,DW,C,C,T,T,S,S,T,T,,,—,—,C,C,C
398,Staraptor,,,,,,,,,,,,,E,E,E,E,E,DWE,E,DWE,DWE,E,E,T,T,E,E,T,T,,,—,—,E,E,C
399,Bidoof,,,,,,,,,,,,,C,C,C,C,C,B,B,B,B,C,C,T,T,T,T,T,T,,,—,—,C,C,C
400,Bibarel,,,,,,,,,,,,,C,C,C,E,E,C,C,C,C,C,C,T,T,T,T,T,T,,,—,—,C,C,C
401,Kricketot,,,,,,,,,,,,,C,C,C,C,C,B,B,DW,DW,T,T,B,B,T,T,T,T,,,—,—,C,C,C
402,Kricketune,,,,,,,,,,,,,C,C,C,C,C,C,C,DWE,DWE,T,T,C,C,T,T,T,T,,,—,—,C,C,C
403,Shinx,,,,,,,,,,,,,C,C,C,C,C,DW,C,DW,DW,FSB,FSB,B,B,B,B,T,T,,,CD,CD,C,C,C
404,Luxio,,,,,,,,,,,,,C,C,C,C,C,DWE,E,DWE,DWE,FS,FS,C,C,S,S,T,T,,,CD,CD,C,C,C
405,Luxray,,,,,,,,,,,,,E,E,E,E,E,DWE,E,DWE,DWE,FSE,FSE,E,E,E,E,T,T,,,CD,CD,E,E,C
406,Budew,,,,,,,,,,,,,C,C,C,C,C,DWB,C,B,B,C,C,B,B,B,B,T,T,,,C,C,C,C,C
407,Roserade,,,,,,,,,,,,,E,E,E,E,E,DWE,E,C,C,E,E,E,E,E,E,T,T,,,C,C,E,E,C
408,Cranidos,,,,,,,,,,,,,R,T,R,T,T,R,R,R,R,R,R,T,R,R,T,R,R,,,—,—,R,T,C
409,Rampardos,,,,,,,,,,,,,E,T,E,T,T,E,E,E,E,E,E,T,E,E,T,E,E,,,—,—,E,T,C
410,Shieldon,,,,,,,,,,,,,T,R,R,T,T,R,R,R,R,R,R,R,T,T,R,R,R,,,—,—,T,R,C
411,Bastiodon,,,,,,,,,,,,,T,E,E,T,T,E,E,E,E,E,E,E,T,T,E,E,E,,,—,—,T,E,C
412,Burmy,,,,,,,,,,,,,C,C,C,C,C,DW,DW,DW,DW,C,C,T,T,T,T,T,T,,,—,—,C,C,C
413,Wormadam,,,,,,,,,,,,,E,E,E,E,E,DWE,DWE,DWE,DWE,E,E,T,T,T,T,T,T,,,—,—,E,E,C
414,Mothim,,,,,,,,,,,,,E,E,E,E,E,DWE,DWE,DWE,DWE,E,E,T,T,T,T,T,T,,,—,—,E,E,C
415,Combee,,,,,,,,,,,,,C,C,C,C,C,C,C,C,C,C,C,T,T,T,T,T,T,,,C,C,C,C,C
416,Vespiquen,,,,,,,,,,,,,E,E,E,E,E,C,C,C,C,E,E,T,T,T,T,T,T,,,C,C,E,E,C
417,Pachirisu,,,,,,,,,,,,,C,C,C,C,C,DW,DW,C,C,C,C,Ev,Ev,T,T,T,T,,,—,—,C,C,C
418,Buizel,,,,,,,,,,,,,C,C,C,C,C,C,C,C,C,B,B,T,T,T,T,B,B,,,—,—,C,C,C
419,Floatzel,,,,,,,,,,,,,C,C,C,C,C,C,C,C,C,C,C,T,T,T,T,C,C,,,—,—,C,C,C
420,Cherubi,,,,,,,,,,,,,C,C,C,C,C,B,B,DW,DW,T,T,B,B,T,T,T,T,,,C,C,C,C,C
421,Cherrim,,,,,,,,,,,,,E,E,E,E,E,C,C,DWE,DWE,T,T,C,C,T,T,T,T,,,D,D,E,E,C
422,Shellos,,,,,,,,,,,,,C,C,C,PW,PW,DW,DW,R,R,FSB,FSB,C,T,T,T,R,R,,,T,T,C,C,C
422,Shellos,,,,,,,,,,,,,C,C,C,T,T,DW,DW,R,R,T,T,T,C,B,B,B,B,,,C,C,C,C,C
423,Gastrodon,,,,,,,,,,,,,C,C,C,PWE,PWE,DWE,DWE,E,E,FS,FS,E,T,T,T,E,E,,,T,T,C,C,C
423,Gastrodon,,,,,,,,,,,,,C,C,C,T,T,DWE,DWE,E,E,T,T,T,E,C,C,C,C,,,C,C,C,C,C
424,Ambipom,,,,,,,,,,,,,E,E,E,E,E,DWE,DWE,R,R,FSE,FSE,E,E,T,T,C,C,,,—,—,E,E,C
425,Drifloon,,,,,,,,,,,,,C,C,C,T,T,B,B,C,C,C,C,C,C,C,C,C,C,,,C,C,C,C,C
426,Drifblim,,,,,,,,,,,,,E,E,E,T,T,C,C,C,C,E,E,E,E,C,C,E,E,,,C,C,E,E,C
427,Buneary,,,,,,,,,,,,,C,C,C,S,S,DW,DW,C,DW,T,T,C,C,T,T,C,C,,,CD,CD,C,C,C
428,Lopunny,,,,,,,,,,,,,E,E,E,E,E,DWE,DWE,C,DWE,T,T,E,E,T,T,C,C,,,CD,CD,E,E,C
429,Mismagius,,,,,,,,,,,,,T,E,T,E,E,DWE,C,DWE,DWE,T,T,E,E,C,C,E,E,,,—,—,T,E,C
430,Honchkrow,,,,,,,,,,,,,E,T,T,E,E,C,DWE,E,E,E,E,E,E,E,E,C,C,,,—,—,E,T,C
431,Glameow,,,,,,,,,,,,,T,C,T,T,T,DW,DW,CC,C,T,T,C,C,T,T,T,T,,,—,—,T,C,C
432,Purugly,,,,,,,,,,,,,T,C,T,T,T,DWE,DWE,CCE,E,T,T,C,C,T,T,T,T,,,—,—,T,C,C
433,Chingling,,,,,,,,,,,,,C,C,C,C,C,B,B,DWB,DWB,C,C,B,B,T,T,T,T,,,—,—,C,C,C
434,Stunky,,,,,,,,,,,,,C,T,T,T,T,DW,DW,C,CC,C,C,T,T,T,T,T,T,,,C,C,C,T,C
435,Skuntank,,,,,,,,,,,,,C,T,T,T,T,DWE,DWE,E,CCE,E,E,T,T,T,T,T,T,,,C,C,C,T,C
436,Bronzor,,,,,,,,,,,,,C,C,C,C,C,B,B,C,C,FSB,FSB,C,C,T,T,T,T,,,C,C,C,C,C
437,Bronzong,,,,,,,,,,,,,C,C,C,C,C,C,C,C,C,FS,FS,E,E,T,T,T,T,,,C,C,C,C,C
438,Bonsly,,,,,,,,,,,,,S,C,S,B,B,DWB,DWB,B,DWB,B,B,T,T,C,C,C,C,,,C,C,S,C,C
439,Mime Jr.,,,,,,,,,,,,,C,S,S,B,B,DWB,DWB,DWB,B,C,C,T,T,T,T,C,C,,,C,C,C,S,C
440,Happiny,,,,,,,,,,,,,S,S,S,B,B,DWB,C,R,R,FSB,FSB,C,C,C,C,C,C,,,CD,CD,S,S,C
441,Chatot,,,,,,,,,,,,,C,C,C,C,C,DW,DW,C,C,C,C,C,C,T,T,T,T,,,—,—,C,C,C
442,Spiritomb,,,,,,,,,,,,,CC,CC,CC,PW,PW,DW,DW,R,R,FS,FS,C,C,T,T,T,T,,,CCD,CCD,C,C,C
443,Gible,,,,,,,,,,,,,C,C,C,C,C,DW,DW,R,DW,C,C,C,C,B,B,B,B,,,T,CD,C,C,C
444,Gabite,,,,,,,,,,,,,E,E,C,E,E,DWE,DWE,E,DWE,E,E,E,E,C,C,C,C,,,T,DD,C,C,C
445,Garchomp,,,,,,,,,,,,,E,E,E,E,E,DWE,DWE,E,DWE,E,E,E,E,E,E,E,E,,,T,CD,E,E,C
446,Munchlax,,,,,,,,,,,,,C,C,C,B,B,R,R,B,B,B,B,T,T,C,C,C,C,,,C,C,C,C,C
447,Riolu,,,,,,,,,,,,,R,R,R,C,C,C,C,C,C,C,C,T,T,C,C,C,C,,,C,C,R,R,C
448,Lucario,,,,,,,,,,,,,E,E,E,E,E,E,E,E,E,R,R,Ev,Ev,C,C,C,C,,,C,C,E,E,C
449,Hippopotas,,,,,,,,,,,,,C,C,C,C,C,S,S,B,B,C,C,T,T,T,T,B,B,,,C,C,C,C,C
450,Hippowdon,,,,,,,,,,,,,C,C,C,E,E,E,E,S,S,E,E,T,T,T,T,C,C,,,C,C,C,C,C
451,Skorupi,,,,,,,,,,,,,S,S,S,C,C,DW,DW,C,C,C,C,C,C,T,T,B,B,,,C,C,C,C,C
452,Drapion,,,,,,,,,,,,,S,S,S,E,E,DWE,DWE,E,E,C,C,E,E,T,T,C,C,,,C,C,S,S,C
453,Croagunk,,,,,,,,,,,,,S,S,C,C,C,S,S,C,C,C,C,T,T,T,T,T,T,,,T,C,C,C,C
454,Toxicroak,,,,,,,,,,,,,S,S,S,E,E,E,E,C,C,E,E,T,T,T,T,T,T,,,T,C,S,S,C
455,Carnivine,,,,,,,,,,,,,S,S,S,C,C,DW,DW,C,C,C,C,T,T,T,T,T,T,,,—,—,S,S,C
456,Finneon,,,,,,,,,,,,,C,C,C,PW,PW,C,C,C,C,T,T,C,C,C,C,C,C,,,—,—,C,C,C
457,Lumineon,,,,,,,,,,,,,C,C,C,PWE,PWE,C,C,C,C,T,T,E,E,C,C,C,C,,,—,—,C,C,C
458,Mantyke,,,,,,,,,,,,,C,C,C,B,T,C,C,C,C,C,C,C,C,T,T,C,C,,,C,C,C,C,C
459,Snover,,,,,,,,,,,,,C,C,C,PW,PW,DW,DW,DW,DW,C,C,T,T,T,T,B,B,,,C,C,C,C,C
460,Abomasnow,,,,,,,,,,,,,C,C,C,PWE,PWE,DWE,DWE,DWE,DWE,C,C,T,T,T,T,C,C,,,C,C,C,C,C
461,Weavile,,,,,,,,,,,,,E,E,E,E,E,E,E,E,E,E,E,T,T,E,E,E,E,,,C,C,E,E,C
462,Magnezone,,,,,,,,,,,,,E,E,E,T,T,DWE,E,C,C,E,E,E,E,E,E,E,E,,,CD,CD,E,E,C
463,Lickilicky,,,,,,,,,,,,,E,E,E,E,E,E,E,C,C,E,E,T,T,T,T,E,E,,,CD,CD,E,E,C
464,Rhyperior,,,,,,,,,,,,,ET,ET,ET,ET,ET,DWET,ET,ET,ET,ET,ET,ET,ET,ET,ET,ET,ET,,,D,D,ET,ET,C
465,Tangrowth,,,,,,,,,,,,,Ev,Ev,E,E,E,C,C,C,C,FSE,FSE,E,E,T,T,T,T,,,CD,CD,C,C,C
466,Electivire,,,,,,,,,,,,,DET,DET,ET,ET,ET,DWET,ET,DWET,ET,FSET,FSET,ET,ET,ET,ET,ET,ET,,,CD,CD,ET,T,C
467,Magmortar,,,,,,,,,,,,,DET,DET,ET,ET,ET,DWET,ET,ET,DWET,FSET,FSET,ET,ET,ET,ET,ET,ET,,,CD,CD,T,ET,C
468,Togekiss,,,,,,,,,,,,,E,E,E,E,E,DWE,E,E,E,FSE,FSE,E,E,S,S,T,T,,,C,C,E,E,C
469,Yanmega,,,,,,,,,,,,,E,E,E,E,E,E,E,C,C,E,E,T,T,T,T,C,C,,,—,—,E,E,C
470,Leafeon,,,,,,,,,,,,,E,E,E,T,T,DWE,DWE,E,E,E,E,E,E,E,E,E,E,,,C,C,E,E,C
471,Glaceon,,,,,,,,,,,,,E,E,E,T,T,DWE,DWE,E,E,E,E,E,E,E,E,E,E,,,C,C,E,E,C
472,Gliscor,,,,,,,,,,,,,DE,DE,E,E,T,C,C,C,C,E,E,T,T,T,T,T,T,,,—,—,E,T,C
473,Mamoswine,,,,,,,,,,,,,E,E,E,E,E,C,C,C,C,E,E,T,T,E,E,E,E,,,D,D,E,E,C
474,Porygon-Z,,,,,,,,,,,,,ET,ET,ET,ET,ET,EvE,ET,DRET,DRET,T,T,ET,ET,ET,ET,ET,ET,,,EDT,EDT,ET,ET,C
475,Gallade,,,,,,,,,,,,,E,E,E,E,E,DWE,E,E,E,E,E,E,E,T,T,E,E,,,C,C,E,E,C
476,Probopass,,,,,,,,,,,,,E,E,E,T,T,DWE,DWE,E,E,E,E,E,E,E,E,E,E,,,—,—,E,E,C
477,Dusknoir,,,,,,,,,,,,,ET,ET,ET,ET,ET,DWET,DWET,DWET,DWET,FSET,FSET,ET,ET,T,T,T,T,,,C,C,ET,ET,C
478,Froslass,,,,,,,,,,,,,E,E,E,PWE,PWE,DWE,DWE,DWE,DWE,FSE,FSE,E,E,E,E,E,E,,,D,D,E,E,C
479,Rotom,,,,,,,,,,,,,C,C,C,T,T,R,R,R,R,C,C,T,T,T,T,S,S,,,C,C,C,C,C
480,Uxie,,,,,,,,,,,,,C,C,C,T,T,T,T,C,C,T,T,C,C,T,T,C,C,,,DA,DA,C,C,C
481,Mesprit,,,,,,,,,,,,,C,C,C,T,T,T,T,C,C,T,T,C,C,T,T,C,C,,,DA,DA,C,C,C
482,Azelf,,,,,,,,,,,,,C,C,C,T,T,T,T,C,C,T,T,C,C,T,T,C,C,,,DA,DA,C,C,C
483,Dialga,,,,,,,,,,,,,C,T,C,EV,EV,Ev,Ev,DR,DR,Ev,Ev,Ev,C,T,Ev,C,Ev,,,DA,CCDA,C,T,C
484,Palkia,,,,,,,,,,,,,T,C,C,EV,EV,Ev,Ev,DR,DR,Ev,Ev,C,Ev,Ev,T,Ev,C,,,CCDA,DA,T,C,C
485,Heatran,,,,,,,,,,,,,C,C,C,Ev,Ev,T,T,C,C,T,T,C,C,T,Ev,C,Ev,,,DA,DA,C,C,C
486,Regigigas,,,,,,,,,,,,,CC,CC,CC,T,T,T,T,CC,CC,T,T,C,C,Ev,T,Ev,C,,,CCDD,CCDD,C,C,C
487,Giratina,,,,,,,,,,,,,C,C,C,EV,EV,Ev,Ev,DR,DR,Ev,Ev,CC,CC,T,T,CC,CC,,,DA,DA,C,C,C
488,Cresselia,,,,,,,,,,,,,C,C,C,T,T,Ev,Ev,C,C,T,T,C,C,T,T,C,C,,,DA,DA,C,C,C
489,Phione,,,,,,,,,,,,,Ev,Ev,Ev,EvB,EvB,T,T,T,T,EvB,EvB,EvB,EvB,EvB,EvB,EvB,EvB,,,—,—,EvB,EvB,C
490,Manaphy,,,,,,,,,,,,,Ev,Ev,Ev,Ev,Ev,T,T,T,T,Ev,Ev,Ev,Ev,Ev,Ev,Ev,Ev,,,—,—,Ev,Ev,C
491,Darkrai,,,,,,,,,,,,,Ev,Ev,EV,Ev,Ev,Ev,Ev,T,T,Ev,Ev,Ev,Ev,Ev,Ev,Ev,Ev,,,—,—,EV,EV,CC
492,Shaymin,,,,,,,,,,,,,Ev,Ev,EV,Ev,Ev,Ev,Ev,T,T,Ev,Ev,Ev,Ev,Ev,Ev,Ev,Ev,,,—,—,EV,EV,CC
493,Arceus,,,,,,,,,,,,,Ev,Ev,Ev,T,T,Ev,Ev,T,T,Ev,Ev,Ev,Ev,T,T,Ev,Ev,,,—,—,CC,CC,C
494,Victini,,,,,,,,,,,,,,,,,,EV,EV,Ev,Ev,Ev,Ev,Ev,Ev,Ev,Ev,T,T,,,T,T,,,—
495,Snivy,,,,,,,,,,,,,,,,,,R,R,R,R,T,T,R,R,B,B,T,T,,,—,—,,,—
496,Servine,,,,,,,,,,,,,,,,,,E,E,E,E,T,T,E,E,B,B,T,T,,,—,—,,,—
497,Serperior,,,,,,,,,,,,,,,,,,E,E,E,E,T,T,E,E,S,S,T,T,,,—,—,,,—
498,Tepig,,,,,,,,,,,,,,,,,,R,R,R,R,T,T,R,R,B,B,T,T,,,—,—,,,—
499,Pignite,,,,,,,,,,,,,,,,,,E,E,E,E,T,T,E,E,B,B,T,T,,,—,—,,,—
500,Emboar,,,,,,,,,,,,,,,,,,E,E,E,E,T,T,E,E,S,S,T,T,,,—,—,,,—
501,Oshawott,,,,,,,,,,,,,,,,,,R,R,R,R,T,T,R,R,B,B,T,T,,,—,—,,,C
502,Dewott,,,,,,,,,,,,,,,,,,E,E,E,E,T,T,E,E,B,B,T,T,,,—,—,,,C
503,Samurott,,,,,,,,,,,,,,,,,,E,E,E,E,T,T,E,E,S,S,T,T,,,—,—,,,—
503,Samurott (Hisuian),,,,,,,,,,,,,,,,,,—,—,—,—,—,—,—,—,—,—,—,—,,,—,—,,,C
504,Patrat,,,,,,,,,,,,,,,,,,C,C,C,C,B,B,T,T,T,T,T,T,,,—,—,,,—
505,Watchog,,,,,,,,,,,,,,,,,,C,C,C,C,C,C,T,T,T,T,T,T,,,—,—,,,—
506,Lillipup,,,,,,,,,,,,,,,,,,C,C,C,C,FS,FS,C,C,C,C,C,C,,,CD,CD,,,—
507,Herdier,,,,,,,,,,,,,,,,,,C,C,C,C,FSE,FSE,E,E,E,E,E,E,,,CD,CD,,,—
508,Stoutland,,,,,,,,,,,,,,,,,,C,C,C,C,FSE,FSE,E,E,E,E,E,E,,,CD,CD,,,—
509,Purrloin,,,,,,,,,,,,,,,,,,C,C,C,C,FSB,B,T,T,T,T,T,T,,,C,C,,,—
510,Liepard,,,,,,,,,,,,,,,,,,C,C,C,C,FS,C,T,T,T,T,T,T,,,C,C,,,—
511,Pansage,,,,,,,,,,,,,,,,,,C,C,C,C,C,C,T,T,T,T,T,T,,,—,—,,,—
512,Simisage,,,,,,,,,,,,,,,,,,E,E,E,E,E,E,T,T,T,T,T,T,,,—,—,,,—
513,Pansear,,,,,,,,,,,,,,,,,,C,C,C,C,C,C,EvB,EvB,T,T,T,T,,,—,—,,,—
514,Simisear,,,,,,,,,,,,,,,,,,E,E,E,E,E,E,Ev,Ev,T,T,T,T,,,—,—,,,—
515,Panpour,,,,,,,,,,,,,,,,,,C,C,C,C,C,C,T,T,T,T,T,T,,,—,—,,,—
516,Simipour,,,,,,,,,,,,,,,,,,E,E,E,E,E,E,T,T,T,T,T,T,,,—,—,,,—
517,Munna,,,,,,,,,,,,,,,,,,C,C,C,C,FS,FS,C,C,T,T,T,T,,,C,C,,,—
518,Musharna,,,,,,,,,,,,,,,,,,C,C,C,C,FSE,FSE,E,E,T,T,T,T,,,C,C,,,—
519,Pidove,,,,,,,,,,,,,,,,,,C,C,C,C,FSB,FSB,C,C,T,T,T,T,,,C,C,,,—
520,Tranquill,,,,,,,,,,,,,,,,,,C,C,C,C,FS,FS,E,E,T,T,T,T,,,C,C,,,—
521,Unfezant,,,,,,,,,,,,,,,,,,C,C,C,C,FSE,FSE,E,E,T,T,T,T,,,C,C,,,—
522,Blitzle,,,,,,,,,,,,,,,,,,C,C,B,B,FSB,FSB,B,B,T,T,T,T,,,—,—,,,—
523,Zebstrika,,,,,,,,,,,,,,,,,,C,C,C,C,FS,FS,C,C,T,T,T,T,,,—,—,,,—
524,Roggenrola,,,,,,,,,,,,,,,,,,C,C,C,C,C,C,C,C,C,C,C,C,,,C,C,,,—
525,Boldore,,,,,,,,,,,,,,,,,,C,C,C,C,E,E,C,C,C,C,C,C,,,C,C,,,—
526,Gigalith,,,,,,,,,,,,,,,,,,ET,ET,R,R,ET,ET,ET,ET,ET,ET,ET,ET,,,C,C,,,—
527,Woobat,,,,,,,,,,,,,,,,,,C,C,C,C,C,C,T,T,T,T,T,T,,,C,C,,,—
528,Swoobat,,,,,,,,,,,,,,,,,,E,E,E,E,E,E,T,T,T,T,T,T,,,D,D,,,—
529,Drilbur,,,,,,,,,,,,,,,,,,C,C,C,C,FSB,FSB,B,B,T,T,T,T,,,C,C,,,—
530,Excadrill,,,,,,,,,,,,,,,,,,C,C,C,C,FS,FS,C,C,T,T,T,T,,,C,C,,,—
531,Audino,,,,,,,,,,,,,,,,,,C,C,C,C,C,C,C,C,T,T,C,C,,,CD,CD,,,—
532,Timburr,,,,,,,,,,,,,,,,,,C,C,C,C,B,B,C,C,B,B,T,T,,,C,C,,,—
533,Gurdurr,,,,,,,,,,,,,,,,,,C,C,C,C,C,C,E,E,B,B,T,T,,,C,C,,,—
534,Conkeldurr,,,,,,,,,,,,,,,,,,ET,ET,ET,ET,ET,ET,ET,ET,S,S,T,T,,,C,C,,,—
535,Tympole,,,,,,,,,,,,,,,,,,C,C,C,C,FSB,FSB,C,C,T,T,T,T,,,C,C,,,—
536,Palpitoad,,,,,,,,,,,,,,,,,,C,C,C,C,FS,FS,E,E,T,T,T,T,,,C,C,,,—
537,Seismitoad,,,,,,,,,,,,,,,,,,C,C,C,C,FSE,FSE,E,E,T,T,T,T,,,C,C,,,—
538,Throh,,,,,,,,,,,,,,,,,,C,C,C,C,FS,C,C,T,T,T,T,T,,,R,C,,,—
539,Sawk,,,,,,,,,,,,,,,,,,C,C,C,C,C,FS,T,C,T,T,T,T,,,C,R,,,—
540,Sewaddle,,,,,,,,,,,,,,,,,,C,C,C,C,FSB,FSB,C,C,B,B,B,B,,,—,—,,,—
541,Swadloon,,,,,,,,,,,,,,,,,,C,C,C,C,FS,FS,E,E,B,B,B,B,,,—,—,,,—
542,Leavanny,,,,,,,,,,,,,,,,,,C,C,C,C,FSE,FSE,E,E,S,S,S,S,,,—,—,,,—
543,Venipede,,,,,,,,,,,,,,,,,,C,C,C,C,C,C,T,T,S,S,T,T,,,CD,CD,,,—
544,Whirlipede,,,,,,,,,,,,,,,,,,C,C,C,C,E,E,T,T,E,E,T,T,,,DD,DD,,,—
545,Scolipede,,,,,,,,,,,,,,,,,,E,E,C,C,E,E,T,T,E,E,T,T,,,CD,CD,,,—
546,Cottonee,,,,,,,,,,,,,,,,,,C,R,C,R,T,T,C,C,C,T,C,T,,,C,C,,,—
547,Whimsicott,,,,,,,,,,,,,,,,,,C,E,C,E,T,T,E,E,E,T,E,T,,,D,D,,,—
548,Petilil,,,,,,,,,,,,,,,,,,R,C,R,C,FS,FS,C,C,T,C,T,C,,,CD,CD,,,C
549,Lilligant,,,,,,,,,,,,,,,,,,E,C,E,C,FSE,FSE,E,E,T,E,T,E,,,CD,CD,,,—
549,Lilligant (Hisuian),,,,,,,,,,,,,,,,,,—,—,—,—,—,—,—,—,—,—,—,—,,,—,—,,,C
550,Basculin,,,,,,,,,,,,,,,,,,C,C,C,C,C,C,T,T,T,T,C,T,,,C,T,,,—
550,Basculin,,,,,,,,,,,,,,,,,,C,C,C,C,C,C,T,T,T,T,T,C,,,T,C,,,—
550,Basculin (Hisuian),,,,,,,,,,,,,,,,,,—,—,—,—,—,—,—,—,—,—,—,—,,,—,—,,,C
551,Sandile,,,,,,,,,,,,,,,,,,C,C,C,C,C,C,C,C,C,C,B,B,,,CD,CD,,,—
552,Krokorok,,,,,,,,,,,,,,,,,,C,C,C,C,E,E,E,E,E,E,C,C,,,CD,CD,,,—
553,Krookodile,,,,,,,,,,,,,,,,,,E,E,E,E,E,E,E,E,E,E,E,E,,,CD,CD,,,—
554,Darumaka,,,,,,,,,,,,,,,,,,C,C,C,C,T,T,B,B,T,T,T,T,,,RD,T,,,—
554,"Darumaka
(Galarian)",,,,,,,,,,,,,,,,,,—,—,—,—,—,—,—,—,—,—,—,—,,,C,T,,,—
555,Darmanitan,,,,,,,,,,,,,,,,,,C,C,C,C,T,T,C,C,T,T,T,T,,,ED,T,,,—
555,"Darmanitan
(Galarian)",,,,,,,,,,,,,,,,,,—,—,—,—,—,—,—,—,—,—,—,—,,,D,T,,,—
556,Maractus,,,,,,,,,,,,,,,,,,C,C,C,C,FS,FS,C,C,T,T,T,T,,,C,C,,,—
557,Dwebble,,,,,,,,,,,,,,,,,,C,C,C,C,C,C,C,C,T,T,B,B,,,C,C,,,—
558,Crustle,,,,,,,,,,,,,,,,,,C,C,C,C,E,E,C,C,T,T,C,C,,,C,C,,,—
559,Scraggy,,,,,,,,,,,,,,,,,,C,C,C,C,C,C,C,C,T,T,C,C,,,C,T,,,—
560,Scrafty,,,,,,,,,,,,,,,,,,E,E,C,C,E,E,E,E,T,T,E,E,,,D,T,,,—
561,Sigilyph,,,,,,,,,,,,,,,,,,C,C,C,C,C,C,T,T,T,T,C,C,,,C,C,,,—
562,Yamask,,,,,,,,,,,,,,,,,,C,C,C,C,T,T,B,B,T,T,EvB,EvB,,,R,R,,,—
562,"Yamask
(Galarian)",,,,,,,,,,,,,,,,,,—,—,—,—,—,—,—,—,—,—,—,—,,,C,C,,,—
563,Cofagrigus,,,,,,,,,,,,,,,,,,C,C,E,E,T,T,C,C,T,T,Ev,Ev,,,DA,DA,,,—
564,Tirtouga,,,,,,,,,,,,,,,,,,R,R,R,R,R,R,T,R,R,T,R,R,,,CD,CD,,,—
565,Carracosta,,,,,,,,,,,,,,,,,,E,E,E,E,E,E,T,E,E,T,E,E,,,CD,CD,,,—
566,Archen,,,,,,,,,,,,,,,,,,R,R,R,R,R,R,R,T,T,R,R,R,,,CD,CD,,,—
567,Archeops,,,,,,,,,,,,,,,,,,E,E,E,E,E,E,E,T,T,E,E,E,,,ED,ED,,,—
568,Trubbish,,,,,,,,,,,,,,,,,,C,C,C,C,C,C,C,C,C,C,C,C,,,C,C,,,—
569,Garbodor,,,,,,,,,,,,,,,,,,C,C,C,C,C,C,E,E,C,C,E,E,,,C,C,,,—
570,Zorua,,,,,,,,,,,,,,,,,,EV,EV,R,R,B,B,C,C,T,T,C,C,,,CD,CD,,,—
570,Zorua (Hisuian),,,,,,,,,,,,,,,,,,—,—,—,—,—,—,—,—,—,—,—,—,,,—,—,,,C
571,Zoroark,,,,,,,,,,,,,,,,,,EV,EV,E,E,C,C,E,E,T,T,C,C,,,CD,CD,,,—
571,Zoroark (Hisuian),,,,,,,,,,,,,,,,,,—,—,—,—,—,—,—,—,—,—,—,—,,,—,—,,,C
572,Minccino,,,,,,,,,,,,,,,,,,C,C,C,C,FS,FS,C,C,T,T,C,C,,,C,C,,,—
573,Cinccino,,,,,,,,,,,,,,,,,,C,C,C,C,FSE,FSE,E,E,T,T,E,E,,,C,C,,,—
574,Gothita,,,,,,,,,,,,,,,,,,C,T,C,EvB,B,B,C,C,S,S,T,T,,,C,T,,,—
575,Gothorita,,,,,,,,,,,,,,,,,,C,T,C,Ev,C,C,E,E,E,E,T,T,,,C,T,,,—
576,Gothitelle,,,,,,,,,,,,,,,,,,C,T,C,EvE,E,E,E,E,E,E,T,T,,,C,T,,,—
577,Solosis,,,,,,,,,,,,,,,,,,T,C,DWB,C,C,C,T,T,B,B,T,T,,,T,C,,,—
578,Duosion,,,,,,,,,,,,,,,,,,T,C,DW,C,E,E,T,T,S,S,T,T,,,T,C,,,—
579,Reuniclus,,,,,,,,,,,,,,,,,,T,C,DWE,E,E,E,T,T,E,E,T,T,,,T,C,,,—
580,Ducklett,,,,,,,,,,,,,,,,,,C,C,C,C,C,C,T,T,T,T,B,B,,,—,—,,,—
581,Swanna,,,,,,,,,,,,,,,,,,C,C,C,C,E,E,T,T,T,T,C,C,,,—,—,,,—
582,Vanillite,,,,,,,,,,,,,,,,,,C,C,B,B,C,C,T,T,C,C,C,C,,,C,C,,,—
583,Vanillish,,,,,,,,,,,,,,,,,,C,C,C,C,E,E,T,T,C,C,C,C,,,C,C,,,—
584,Vanilluxe,,,,,,,,,,,,,,,,,,E,E,C,C,E,E,T,T,E,E,C,C,,,C,C,,,—
585,Deerling,,,,,,,,,,,,,,,,,,C,C,C,C,FSB,FSB,C,C,T,T,T,T,,,—,—,,,—
586,Sawsbuck,,,,,,,,,,,,,,,,,,C,C,C,C,FS,FS,E,E,T,T,T,T,,,—,—,,,—
587,Emolga,,,,,,,,,,,,,,,,,,C,C,C,C,C,C,T,T,C,C,C,C,,,CD,CD,,,—
588,Karrablast,,,,,,,,,,,,,,,,,,C,C,C,C,C,C,T,T,T,T,T,T,,,C,C,,,—
589,Escavalier,,,,,,,,,,,,,,,,,,ET,ET,ET,ET,ET,ET,T,T,T,T,T,T,,,D,CD,,,—
590,Foongus,,,,,,,,,,,,,,,,,,C,C,C,C,C,C,T,T,T,T,T,T,,,CD,CD,,,—
591,Amoonguss,,,,,,,,,,,,,,,,,,C,C,C,C,C,C,T,T,T,T,T,T,,,CD,CD,,,—
592,Frillish,,,,,,,,,,,,,,,,,,C,C,C,C,T,T,C,C,T,T,C,C,,,C,C,,,—
593,Jellicent,,,,,,,,,,,,,,,,,,C,C,C,C,T,T,E,E,T,T,E,E,,,C,C,,,—
594,Alomomola,,,,,,,,,,,,,,,,,,C,C,C,C,C,C,C,C,C,C,C,C,,,—,—,,,—
595,Joltik,,,,,,,,,,,,,,,,,,C,C,C,C,FSB,FSB,C,C,T,T,T,T,,,C,C,,,—
596,Galvantula,,,,,,,,,,,,,,,,,,E,E,E,E,FS,FS,E,E,T,T,T,T,,,C,C,,,—
597,Ferroseed,,,,,,,,,,,,,,,,,,C,C,C,C,C,C,T,T,T,T,T,T,,,C,C,,,—
598,Ferrothorn,,,,,,,,,,,,,,,,,,E,E,E,E,E,E,T,T,T,T,T,T,,,C,C,,,—
599,Klink,,,,,,,,,,,,,,,,,,C,C,C,C,FSB,FSB,C,C,S,S,T,T,,,C,C,,,—
600,Klang,,,,,,,,,,,,,,,,,,E,E,C,C,FS,FS,E,E,E,E,T,T,,,C,C,,,—
601,Klinklang,,,,,,,,,,,,,,,,,,E,E,C,C,FSE,FSE,E,E,E,E,T,T,,,C,C,,,—
602,Tynamo,,,,,,,,,,,,,,,,,,C,C,C,C,T,T,C,C,B,B,B,B,,,—,—,,,—
603,Eelektrik,,,,,,,,,,,,,,,,,,E,E,C,C,T,T,E,E,B,B,B,B,,,—,—,,,—
604,Eelektross,,,,,,,,,,,,,,,,,,E,E,E,E,T,T,E,E,S,S,S,S,,,—,—,,,—
605,Elgyem,,,,,,,,,,,,,,,,,,C,C,C,C,T,T,C,C,T,T,C,C,,,C,C,,,—
606,Beheeyem,,,,,,,,,,,,,,,,,,C,C,E,E,T,T,E,E,T,T,E,E,,,C,C,,,—
607,Litwick,,,,,,,,,,,,,,,,,,C,C,C,C,C,C,T,T,S,S,S,S,,,C,C,,,—
608,Lampent,,,,,,,,,,,,,,,,,,E,E,E,E,E,E,T,T,E,E,E,E,,,C,C,,,—
609,Chandelure,,,,,,,,,,,,,,,,,,E,E,E,E,E,E,T,T,E,E,E,E,,,C,C,,,—
610,Axew,,,,,,,,,,,,,,,,,,C,C,C,C,C,C,C,C,S,S,S,S,,,C,C,,,—
611,Fraxure,,,,,,,,,,,,,,,,,,C,C,C,C,E,E,E,E,E,E,E,E,,,D,D,,,—
612,Haxorus,,,,,,,,,,,,,,,,,,E,E,C,C,E,E,E,E,E,E,E,E,,,C,C,,,—
613,Cubchoo,,,,,,,,,,,,,,,,,,C,C,C,C,C,C,C,C,T,T,T,T,,,C,C,,,—
614,Beartic,,,,,,,,,,,,,,,,,,C,C,C,C,C,C,E,E,T,T,T,T,,,C,C,,,—
615,Cryogonal,,,,,,,,,,,,,,,,,,C,C,C,C,C,C,T,T,T,T,T,T,,,CD,CD,,,—
616,Shelmet,,,,,,,,,,,,,,,,,,C,C,C,C,C,C,T,T,T,T,T,T,,,C,C,,,—
617,Accelgor,,,,,,,,,,,,,,,,,,ET,ET,ET,ET,ET,ET,T,T,T,T,T,T,,,CD,D,,,—
618,Stunfisk,,,,,,,,,,,,,,,,,,C,C,C,C,C,C,T,T,T,T,C,C,,,RD,RD,,,—
618,"Stunfisk
(Galarian)",,,,,,,,,,,,,,,,,,—,—,—,—,—,—,—,—,—,—,—,—,,,C,C,,,—
619,Mienfoo,,,,,,,,,,,,,,,,,,C,C,C,C,C,C,T,T,T,T,C,C,,,CD,CD,,,—
620,Mienshao,,,,,,,,,,,,,,,,,,C,C,C,C,E,E,T,T,T,T,E,E,,,CD,CD,,,—
621,Druddigon,,,,,,,,,,,,,,,,,,C,C,C,C,C,C,C,C,T,T,C,C,,,CD,CD,,,—
622,Golett,,,,,,,,,,,,,,,,,,C,C,B,B,C,C,T,T,T,T,C,T,,,C,C,,,—
623,Golurk,,,,,,,,,,,,,,,,,,E,E,C,C,E,E,T,T,T,T,E,T,,,C,C,,,—
624,Pawniard,,,,,,,,,,,,,,,,,,C,C,C,C,C,C,T,T,T,T,C,C,,,C,C,,,—
625,Bisharp,,,,,,,,,,,,,,,,,,C,C,E,E,R,R,T,T,T,T,C,C,,,C,C,,,—
626,Bouffalant,,,,,,,,,,,,,,,,,,C,C,C,C,T,T,C,C,T,T,T,T,,,CD,CD,,,—
627,Rufflet,,,,,,,,,,,,,,,,,,T,C,T,C,FS,FS,C,C,C,T,C,T,,,C,T,,,C
628,Braviary,,,,,,,,,,,,,,,,,,T,C,T,C,FSE,FSE,C,C,C,T,C,T,,,C,T,,,—
628,Braviary (Hisuian),,,,,,,,,,,,,,,,,,—,—,—,—,—,—,—,—,—,—,—,—,,,—,—,,,C
629,Vullaby,,,,,,,,,,,,,,,,,,C,T,C,T,FS,FS,C,C,T,C,T,C,,,T,C,,,—
630,Mandibuzz,,,,,,,,,,,,,,,,,,C,T,C,T,FSE,FSE,E,E,T,C,T,C,,,T,C,,,—
631,Heatmor,,,,,,,,,,,,,,,,,,C,C,C,C,C,C,T,T,T,T,T,T,,,C,C,,,—
632,Durant,,,,,,,,,,,,,,,,,,C,C,C,C,C,C,T,T,T,T,T,T,,,C,C,,,—
633,Deino,,,,,,,,,,,,,,,,,,C,C,B,B,B,B,C,C,S,S,T,T,,,C,T,,,—
634,Zweilous,,,,,,,,,,,,,,,,,,E,E,C,C,C,C,E,E,E,E,T,T,,,C,T,,,—
635,Hydreigon,,,,,,,,,,,,,,,,,,E,E,E,E,C,C,E,E,E,E,T,T,,,D,T,,,—
636,Larvesta,,,,,,,,,,,,,,,,,,R,R,B,B,FS,FS,C,C,T,T,C,C,,,CD,CD,,,—
637,Volcarona,,,,,,,,,,,,,,,,,,C,C,C,C,FSE,FSE,E,E,T,T,C,C,,,CD,CD,,,—
638,Cobalion,,,,,,,,,,,,,,,,,,C,C,C,C,T,T,C,C,T,T,C,C,,,CD,CD,,,—
639,Terrakion,,,,,,,,,,,,,,,,,,C,C,C,C,T,T,C,C,T,T,C,C,,,CD,CD,,,—
640,Virizion,,,,,,,,,,,,,,,,,,C,C,C,C,T,T,C,C,T,T,C,C,,,CD,CD,,,—
641,Tornadus,,,,,,,,,,,,,,,,,,C,Ev,DR,DR,T,T,C,T,T,Ev,C,Ev,,,DA,CCDA,,,C
642,Thundurus,,,,,,,,,,,,,,,,,,Ev,C,DR,DR,T,T,T,C,Ev,T,Ev,C,,,CCDA,DA,,,C
643,Reshiram,,,,,,,,,,,,,,,,,,C,Ev,T,C,T,T,C,T,T,Ev,C,Ev,,,DA,CCDA,,,—
644,Zekrom,,,,,,,,,,,,,,,,,,Ev,C,C,T,T,T,T,C,Ev,T,Ev,C,,,CCDA,DA,,,—
645,Landorus,,,,,,,,,,,,,,,,,,CC,CC,DR,DR,T,T,CC,CC,T,T,CC,CC,,,DA,DA,,,C
646,Kyurem,,,,,,,,,,,,,,,,,,C,C,C,C,Ev,Ev,CC,CC,T,T,CC,CC,,,DA,DA,,,—
647,Keldeo,,,,,,,,,,,,,,,,,,Ev,Ev,Ev,Ev,Ev,Ev,Ev,Ev,T,T,T,T,,,CD,CD,,,—
648,Meloetta,,,,,,,,,,,,,,,,,,Ev,Ev,Ev,Ev,Ev,Ev,Ev,Ev,Ev,Ev,Ev,Ev,,,—,—,,,—
649,Genesect,,,,,,,,,,,,,,,,,,Ev,Ev,Ev,Ev,Ev,Ev,Ev,Ev,T,T,T,T,,,T,T,,,—
650,Chespin,,,,,,,,,,,,,,,,,,,,,,R,R,T,T,T,T,B,B,,,—,—,,,—
651,Quilladin,,,,,,,,,,,,,,,,,,,,,,E,E,T,T,T,T,B,B,,,—,—,,,—
652,Chesnaught,,,,,,,,,,,,,,,,,,,,,,E,E,T,T,T,T,S,S,,,—,—,,,—
653,Fennekin,,,,,,,,,,,,,,,,,,,,,,R,R,Ev,Ev,T,T,B,B,,,—,—,,,—
654,Braixen,,,,,,,,,,,,,,,,,,,,,,E,E,EvE,EvE,T,T,B,B,,,—,—,,,—
655,Delphox,,,,,,,,,,,,,,,,,,,,,,E,E,EvE,EvE,T,T,S,S,,,—,—,,,—
656,Froakie,,,,,,,,,,,,,,,,,,,,,,R,R,Ev,Ev,T,T,B,B,,,—,—,,,—
657,Frogadier,,,,,,,,,,,,,,,,,,,,,,E,E,EvE,EvE,T,T,B,B,,,—,—,,,—
658,Greninja,,,,,,,,,,,,,,,,,,,,,,E,E,Ev,Ev,Ev,Ev,S,S,,,—,—,,,—
659,Bunnelby,,,,,,,,,,,,,,,,,,,,,,C,C,T,T,T,T,T,T,,,C,C,,,—
660,Diggersby,,,,,,,,,,,,,,,,,,,,,,C,C,T,T,T,T,T,T,,,C,C,,,—
661,Fletchling,,,,,,,,,,,,,,,,,,,,,,C,C,T,T,C,C,C,C,,,CD,CD,,,—
662,Fletchinder,,,,,,,,,,,,,,,,,,,,,,E,E,T,T,C,C,C,C,,,CD,CD,,,—
663,Talonflame,,,,,,,,,,,,,,,,,,,,,,E,E,T,T,R,R,E,E,,,CD,CD,,,—
664,Scatterbug,,,,,,,,,,,,,,,,,,,,,,C,C,T,T,T,T,S,S,,,—,—,,,—
665,Spewpa,,,,,,,,,,,,,,,,,,,,,,C,C,T,T,T,T,E,E,,,—,—,,,—
666,Vivillon,,,,,,,,,,,,,,,,,,,,,,E,E,Ev,Ev,T,T,E,E,,,—,—,,,—
667,Litleo,,,,,,,,,,,,,,,,,,,,,,C,C,T,T,T,T,C,C,,,—,—,,,—
668,Pyroar,,,,,,,,,,,,,,,,,,,,,,E,E,T,T,T,T,C,C,,,—,—,,,—
669,Flabébé,,,,,,,,,,,,,,,,,,,,,,C,C,T,T,T,T,C,C,,,—,—,,,—
670,Floette,,,,,,,,,,,,,,,,,,,,,,E,E,T,T,T,T,C,C,,,—,—,,,—
671,Florges,,,,,,,,,,,,,,,,,,,,,,E,E,T,T,T,T,E,E,,,—,—,,,—
672,Skiddo,,,,,,,,,,,,,,,,,,,,,,C,C,T,T,T,T,T,T,,,—,—,,,—
673,Gogoat,,,,,,,,,,,,,,,,,,,,,,E,E,T,T,T,T,T,T,,,—,—,,,—
674,Pancham,,,,,,,,,,,,,,,,,,,,,,C,C,Ev,Ev,C,C,C,C,,,C,C,,,—
675,Pangoro,,,,,,,,,,,,,,,,,,,,,,E,E,EvE,EvE,C,C,C,C,,,C,C,,,—
676,Furfrou,,,,,,,,,,,,,,,,,,,,,,C,C,T,T,T,T,C,C,,,—,—,,,—
677,Espurr,,,,,,,,,,,,,,,,,,,,,,C,C,T,T,T,T,T,T,,,C,C,,,—
678,Meowstic,,,,,,,,,,,,,,,,,,,,,,E,E,T,T,T,T,T,T,,,C,C,,,—
679,Honedge,,,,,,,,,,,,,,,,,,,,,,C,C,T,T,S,S,S,S,,,C,C,,,—
680,Doublade,,,,,,,,,,,,,,,,,,,,,,E,E,T,T,E,E,E,E,,,C,C,,,—
681,Aegislash,,,,,,,,,,,,,,,,,,,,,,E,E,T,T,E,E,E,E,,,C,C,,,—
682,Spritzee,,,,,,,,,,,,,,,,,,,,,,FS,C,EvB,T,T,T,T,T,,,T,C,,,—
683,Aromatisse,,,,,,,,,,,,,,,,,,,,,,FSET,ET,Ev,T,T,T,T,T,,,T,D,,,—
684,Swirlix,,,,,,,,,,,,,,,,,,,,,,C,FS,T,T,T,T,T,T,,,C,T,,,—
685,Slurpuff,,,,,,,,,,,,,,,,,,,,,,ET,FSET,T,T,T,T,T,T,,,D,T,,,—
686,Inkay,,,,,,,,,,,,,,,,,,,,,,C,C,EvB,T,T,T,C,C,,,C,C,,,—
687,Malamar,,,,,,,,,,,,,,,,,,,,,,E,E,Ev,T,T,T,E,E,,,D,D,,,—
688,Binacle,,,,,,,,,,,,,,,,,,,,,,C,C,C,C,T,T,B,B,,,C,C,,,—
689,Barbaracle,,,,,,,,,,,,,,,,,,,,,,E,E,E,E,T,T,C,C,,,C,C,,,—
690,Skrelp,,,,,,,,,,,,,,,,,,,,,,T,C,C,T,T,T,T,B,,,T,CD,,,—
691,Dragalge,,,,,,,,,,,,,,,,,,,,,,T,C,E,T,T,T,T,C,,,T,CD,,,—
692,Clauncher,,,,,,,,,,,,,,,,,,,,,,C,T,T,C,T,T,B,T,,,CD,T,,,—
693,Clawitzer,,,,,,,,,,,,,,,,,,,,,,C,T,T,E,T,T,C,T,,,CD,T,,,—
694,Helioptile,,,,,,,,,,,,,,,,,,,,,,C,C,T,T,T,T,B,B,,,C,C,,,—
695,Heliolisk,,,,,,,,,,,,,,,,,,,,,,E,E,T,T,T,T,C,C,,,D,D,,,—
696,Tyrunt,,,,,,,,,,,,,,,,,,,,,,R,R,Ev,Ev,T,T,R,R,,,CD,CD,,,—
697,Tyrantrum,,,,,,,,,,,,,,,,,,,,,,E,E,EvE,EvE,T,T,E,E,,,CD,CD,,,—
698,Amaura,,,,,,,,,,,,,,,,,,,,,,R,R,Ev,Ev,T,T,R,R,,,CD,CD,,,—
699,Aurorus,,,,,,,,,,,,,,,,,,,,,,E,E,EvE,EvE,T,T,E,E,,,CD,CD,,,—
700,Sylveon,,,,,,,,,,,,,,,,,,,,,,E,E,E,E,E,E,E,E,,,C,C,,,C
701,Hawlucha,,,,,,,,,,,,,,,,,,,,,,C,C,T,T,T,T,C,C,,,C,C,,,—
702,Dedenne,,,,,,,,,,,,,,,,,,,,,,C,C,T,T,T,T,C,C,,,CD,CD,,,—
703,Carbink,,,,,,,,,,,,,,,,,,,,,,C,C,T,T,C,C,C,C,,,CD,CD,,,—
704,Goomy,,,,,,,,,,,,,,,,,,,,,,C,C,T,T,C,C,C,C,,,T,C,,,C
705,Sliggoo,,,,,,,,,,,,,,,,,,,,,,C,C,T,T,C,C,C,C,,,T,C,,,—
705,Sliggoo (Hisuian),,,,,,,,,,,,,,,,,,,,,,—,—,—,—,—,—,—,—,,,—,—,,,C
706,Goodra,,,,,,,,,,,,,,,,,,,,,,E,E,T,T,E,E,E,E,,,T,D,,,—
706,Goodra (Hisuian),,,,,,,,,,,,,,,,,,,,,,—,—,—,—,—,—,—,—,,,—,—,,,C
707,Klefki,,,,,,,,,,,,,,,,,,,,,,C,C,C,C,C,C,C,C,,,CD,CD,,,—
708,Phantump,,,,,,,,,,,,,,,,,,,,,,C,C,C,C,C,C,C,C,,,C,C,,,—
709,Trevenant,,,,,,,,,,,,,,,,,,,,,,C,C,ET,ET,C,C,R,R,,,D,D,,,—
710,Pumpkaboo,,,,,,,,,,,,,,,,,,,,,,C,C,Ev,Ev,T,T,T,T,,,C,C,,,—
711,Gourgeist,,,,,,,,,,,,,,,,,,,,,,ET,ET,EvET,EvET,T,T,T,T,,,C,C,,,—
712,Bergmite,,,,,,,,,,,,,,,,,,,,,,C,C,T,T,T,T,T,T,,,C,C,,,C
713,Avalugg,,,,,,,,,,,,,,,,,,,,,,E,E,T,T,T,T,T,T,,,C,C,,,—
713,Avalugg (Hisuian),,,,,,,,,,,,,,,,,,,,,,—,—,—,—,—,—,—,—,,,—,—,,,C
714,Noibat,,,,,,,,,,,,,,,,,,,,,,C,C,T,T,T,T,C,C,,,C,C,,,—
715,Noivern,,,,,,,,,,,,,,,,,,,,,,E,E,T,T,T,T,C,C,,,C,C,,,—
716,Xerneas,,,,,,,,,,,,,,,,,,,,,,C,Ev,Ev,Ev,T,Ev,C,Ev,,,DA,CCDA,,,—
717,Yveltal,,,,,,,,,,,,,,,,,,,,,,Ev,C,Ev,Ev,Ev,T,Ev,C,,,CCDA,DA,,,—
718,Zygarde,,,,,,,,,,,,,,,,,,,,,,C,C,Ev,Ev,R,R,C,C,,,DA,DA,,,—
719,Diancie,,,,,,,,,,,,,,,,,,,,,,Ev,Ev,Ev,Ev,T,T,T,T,,,T,T,,,—
720,Hoopa,,,,,,,,,,,,,,,,,,,,,,Ev,Ev,Ev,Ev,Ev,Ev,Ev,Ev,,,—,—,,,—
721,Volcanion,,,,,,,,,,,,,,,,,,,,,,Ev,Ev,Ev,Ev,T,T,T,T,,,T,T,,,—
722,Rowlet,,,,,,,,,,,,,,,,,,,,,,,,,,R,R,R,R,,,RD,RD,,,C
723,Dartrix,,,,,,,,,,,,,,,,,,,,,,,,,,E,E,E,E,,,ED,ED,,,C
724,Decidueye,,,,,,,,,,,,,,,,,,,,,,,,,,E,E,E,E,,,ED,ED,,,—
724,Decidueye (Hisuian),,,,,,,,,,,,,,,,,,,,,,,,,,—,—,—,—,,,—,—,,,C
725,Litten,,,,,,,,,,,,,,,,,,,,,,,,,,R,R,R,R,,,RD,RD,,,—
726,Torracat,,,,,,,,,,,,,,,,,,,,,,,,,,E,E,E,E,,,ED,ED,,,—
727,Incineroar,,,,,,,,,,,,,,,,,,,,,,,,,,E,E,E,E,,,ED,ED,,,—
728,Popplio,,,,,,,,,,,,,,,,,,,,,,,,,,R,R,R,R,,,RD,RD,,,—
729,Brionne,,,,,,,,,,,,,,,,,,,,,,,,,,E,E,E,E,,,ED,ED,,,—
730,Primarina,,,,,,,,,,,,,,,,,,,,,,,,,,E,E,E,E,,,ED,ED,,,—
731,Pikipek,,,,,,,,,,,,,,,,,,,,,,,,,,C,C,C,C,,,—,—,,,—
732,Trumbeak,,,,,,,,,,,,,,,,,,,,,,,,,,C,C,C,C,,,—,—,,,—
733,Toucannon,,,,,,,,,,,,,,,,,,,,,,,,,,E,E,C,C,,,—,—,,,—
734,Yungoos,,,,,,,,,,,,,,,,,,,,,,,,,,C,C,C,C,,,—,—,,,—
735,Gumshoos,,,,,,,,,,,,,,,,,,,,,,,,,,C,C,C,C,,,—,—,,,—
736,Grubbin,,,,,,,,,,,,,,,,,,,,,,,,,,C,C,C,C,,,C,C,,,—
737,Charjabug,,,,,,,,,,,,,,,,,,,,,,,,,,C,C,C,C,,,C,C,,,—
738,Vikavolt,,,,,,,,,,,,,,,,,,,,,,,,,,E,E,C,C,,,C,C,,,—
739,Crabrawler,,,,,,,,,,,,,,,,,,,,,,,,,,C,C,C,C,,,—,—,,,—
740,Crabominable,,,,,,,,,,,,,,,,,,,,,,,,,,E,E,E,E,,,—,—,,,—
741,Oricorio,,,,,,,,,,,,,,,,,,,,,,,,,,C,C,C,C,,,—,—,,,—
742,Cutiefly,,,,,,,,,,,,,,,,,,,,,,,,,,C,C,C,C,,,C,C,,,—
743,Ribombee,,,,,,,,,,,,,,,,,,,,,,,,,,C,C,C,C,,,C,C,,,—
744,Rockruff,,,,,,,,,,,,,,,,,,,,,,,,,,C,C,C,C,,,CD,CD,,,—
745,Lycanroc,,,,,,,,,,,,,,,,,,,,,,,,,,C,C,C,C,,,CD,CD,,,—
746,Wishiwashi,,,,,,,,,,,,,,,,,,,,,,,,,,C,C,C,C,,,C,C,,,—
747,Mareanie,,,,,,,,,,,,,,,,,,,,,,,,,,C,C,C,C,,,C,C,,,—
748,Toxapex,,,,,,,,,,,,,,,,,,,,,,,,,,E,E,E,E,,,C,C,,,—
749,Mudbray,,,,,,,,,,,,,,,,,,,,,,,,,,C,C,C,C,,,C,C,,,—
750,Mudsdale,,,,,,,,,,,,,,,,,,,,,,,,,,C,C,C,C,,,C,C,,,—
751,Dewpider,,,,,,,,,,,,,,,,,,,,,,,,,,C,C,C,C,,,C,C,,,—
752,Araquanid,,,,,,,,,,,,,,,,,,,,,,,,,,C,C,C,C,,,C,C,,,—
753,Fomantis,,,,,,,,,,,,,,,,,,,,,,,,,,C,C,C,C,,,CD,CD,,,—
754,Lurantis,,,,,,,,,,,,,,,,,,,,,,,,,,E,E,E,E,,,CD,CD,,,—
755,Morelull,,,,,,,,,,,,,,,,,,,,,,,,,,C,C,C,C,,,C,C,,,—
756,Shiinotic,,,,,,,,,,,,,,,,,,,,,,,,,,E,E,C,C,,,C,C,,,—
757,Salandit,,,,,,,,,,,,,,,,,,,,,,,,,,C,C,C,C,,,C,C,,,—
758,Salazzle,,,,,,,,,,,,,,,,,,,,,,,,,,E,E,C,C,,,D,D,,,—
759,Stufful,,,,,,,,,,,,,,,,,,,,,,,,,,C,C,C,C,,,C,C,,,—
760,Bewear,,,,,,,,,,,,,,,,,,,,,,,,,,C,C,C,C,,,C,C,,,—
761,Bounsweet,,,,,,,,,,,,,,,,,,,,,,,,,,C,C,B,B,,,C,C,,,—
762,Steenee,,,,,,,,,,,,,,,,,,,,,,,,,,R,R,C,C,,,C,C,,,—
763,Tsareena,,,,,,,,,,,,,,,,,,,,,,,,,,E,E,E,E,,,C,C,,,—
764,Comfey,,,,,,,,,,,,,,,,,,,,,,,,,,C,C,C,C,,,CD,CD,,,—
765,Oranguru,,,,,,,,,,,,,,,,,,,,,,,,,,Ev,C,T,C,,,DA,C,,,—
766,Passimian,,,,,,,,,,,,,,,,,,,,,,,,,,C,Ev,C,T,,,C,DA,,,—
767,Wimpod,,,,,,,,,,,,,,,,,,,,,,,,,,C,C,C,C,,,C,C,,,—
768,Golisopod,,,,,,,,,,,,,,,,,,,,,,,,,,E,E,E,E,,,C,C,,,—
769,Sandygast,,,,,,,,,,,,,,,,,,,,,,,,,,C,C,C,C,,,CD,CD,,,—
770,Palossand,,,,,,,,,,,,,,,,,,,,,,,,,,E,E,E,E,,,CD,CD,,,—
771,Pyukumuku,,,,,,,,,,,,,,,,,,,,,,,,,,C,C,C,C,,,C,C,,,—
772,Type: Null,,,,,,,,,,,,,,,,,,,,,,,,,,R,R,R,R,,,R,R,,,—
773,Silvally,,,,,,,,,,,,,,,,,,,,,,,,,,E,E,E,E,,,E,E,,,—
774,Minior,,,,,,,,,,,,,,,,,,,,,,,,,,C,C,C,C,,,—,—,,,—
775,Komala,,,,,,,,,,,,,,,,,,,,,,,,,,C,C,C,C,,,—,—,,,—
776,Turtonator,,,,,,,,,,,,,,,,,,,,,,,,,,C,Ev,C,T,,,C,T,,,—
777,Togedemaru,,,,,,,,,,,,,,,,,,,,,,,,,,C,C,C,C,,,C,C,,,—
778,Mimikyu,,,,,,,,,,,,,,,,,,,,,,,,,,C,C,C,C,,,C,C,,,—
779,Bruxish,,,,,,,,,,,,,,,,,,,,,,,,,,C,C,C,C,,,—,—,,,—
780,Drampa,,,,,,,,,,,,,,,,,,,,,,,,,,Ev,C,T,C,,,T,C,,,—
781,Dhelmise,,,,,,,,,,,,,,,,,,,,,,,,,,C,C,C,C,,,C,C,,,—
782,Jangmo-o,,,,,,,,,,,,,,,,,,,,,,,,,,C,C,C,C,,,C,EV,,,—
783,Hakamo-o,,,,,,,,,,,,,,,,,,,,,,,,,,C,C,C,C,,,C,EVE,,,—
784,Kommo-o,,,,,,,,,,,,,,,,,,,,,,,,,,C,C,C,C,,,C,EVE,,,—
785,Tapu Koko,,,,,,,,,,,,,,,,,,,,,,,,,,C,C,C,C,,,DA,DA,,,—
786,Tapu Lele,,,,,,,,,,,,,,,,,,,,,,,,,,C,C,C,C,,,DA,DA,,,—
787,Tapu Bulu,,,,,,,,,,,,,,,,,,,,,,,,,,C,C,C,C,,,DA,DA,,,—
788,Tapu Fini,,,,,,,,,,,,,,,,,,,,,,,,,,C,C,C,C,,,DA,DA,,,—
789,Cosmog,,,,,,,,,,,,,,,,,,,,,,,,,,R,R,R,R,,,RD,RD,,,—
790,Cosmoem,,,,,,,,,,,,,,,,,,,,,,,,,,E,E,E,E,,,ED,ED,,,—
791,Solgaleo,,,,,,,,,,,,,,,,,,,,,,,,,,C,T,C,T,,,DA,CCDA,,,—
792,Lunala,,,,,,,,,,,,,,,,,,,,,,,,,,T,C,T,C,,,CCDA,DA,,,—
793,Nihilego,,,,,,,,,,,,,,,,,,,,,,,,,,C,C,C,C,,,DA,DA,,,—
794,Buzzwole,,,,,,,,,,,,,,,,,,,,,,,,,,C,T,C,T,,,DA,DA,,,—
795,Pheromosa,,,,,,,,,,,,,,,,,,,,,,,,,,T,C,T,C,,,DA,DA,,,—
796,Xurkitree,,,,,,,,,,,,,,,,,,,,,,,,,,C,C,C,C,,,DA,DA,,,—
797,Celesteela,,,,,,,,,,,,,,,,,,,,,,,,,,T,C,T,C,,,DA,DA,,,—
798,Kartana,,,,,,,,,,,,,,,,,,,,,,,,,,C,T,C,T,,,DA,DA,,,—
799,Guzzlord,,,,,,,,,,,,,,,,,,,,,,,,,,C,C,C,C,,,DA,DA,,,—
800,Necrozma,,,,,,,,,,,,,,,,,,,,,,,,,,C,C,C,C,,,DA,DA,,,—
801,Magearna,,,,,,,,,,,,,,,,,,,,,,,,,,EV,EV,EV,EV,,,T,T,,,—
802,Marshadow,,,,,,,,,,,,,,,,,,,,,,,,,,Ev,Ev,Ev,Ev,,,T,T,,,—
803,Poipole,,,,,,,,,,,,,,,,,,,,,,,,,,—,—,R,R,,,RD,RD,,,—
804,Naganadel,,,,,,,,,,,,,,,,,,,,,,,,,,—,—,E,E,,,ED,ED,,,—
805,Stakataka,,,,,,,,,,,,,,,,,,,,,,,,,,—,—,T,C,,,DA,DA,,,—
806,Blacephalon,,,,,,,,,,,,,,,,,,,,,,,,,,—,—,C,T,,,DA,DA,,,—
807,Zeraora,,,,,,,,,,,,,,,,,,,,,,,,,,—,—,Ev,Ev,,,Ev,Ev,,,—
808,Meltan,,,,,,,,,,,,,,,,,,,,,,,,,,,,,,T,T,T,T,,,
809,Melmetal,,,,,,,,,,,,,,,,,,,,,,,,,,,,,,T,T,T,T,,,
810,Grookey,,,,,,,,,,,,,,,,,,,,,,,,,,,,,,,,R,R,,,—
811,Thwackey,,,,,,,,,,,,,,,,,,,,,,,,,,,,,,,,E,E,,,—
812,Rillaboom,,,,,,,,,,,,,,,,,,,,,,,,,,,,,,,,E,E,,,—
813,Scorbunny,,,,,,,,,,,,,,,,,,,,,,,,,,,,,,,,R,R,,,—
814,Raboot,,,,,,,,,,,,,,,,,,,,,,,,,,,,,,,,E,E,,,—
815,Cinderace,,,,,,,,,,,,,,,,,,,,,,,,,,,,,,,,E,E,,,—
816,Sobble,,,,,,,,,,,,,,,,,,,,,,,,,,,,,,,,R,R,,,—
817,Drizzile,,,,,,,,,,,,,,,,,,,,,,,,,,,,,,,,E,E,,,—
818,Inteleon,,,,,,,,,,,,,,,,,,,,,,,,,,,,,,,,E,E,,,—
819,Skwovet,,,,,,,,,,,,,,,,,,,,,,,,,,,,,,,,C,C,,,—
820,Greedent,,,,,,,,,,,,,,,,,,,,,,,,,,,,,,,,C,C,,,—
821,Rookidee,,,,,,,,,,,,,,,,,,,,,,,,,,,,,,,,C,C,,,—
822,Corvisquire,,,,,,,,,,,,,,,,,,,,,,,,,,,,,,,,C,C,,,—
823,Corviknight,,,,,,,,,,,,,,,,,,,,,,,,,,,,,,,,C,C,,,—
824,Blipbug,,,,,,,,,,,,,,,,,,,,,,,,,,,,,,,,C,C,,,—
825,Dottler,,,,,,,,,,,,,,,,,,,,,,,,,,,,,,,,C,C,,,—
826,Orbeetle,,,,,,,,,,,,,,,,,,,,,,,,,,,,,,,,C,C,,,—
827,Nickit,,,,,,,,,,,,,,,,,,,,,,,,,,,,,,,,C,C,,,—
828,Thievul,,,,,,,,,,,,,,,,,,,,,,,,,,,,,,,,C,C,,,—
829,Gossifleur,,,,,,,,,,,,,,,,,,,,,,,,,,,,,,,,C,C,,,—
830,Eldegoss,,,,,,,,,,,,,,,,,,,,,,,,,,,,,,,,C,C,,,—
831,Wooloo,,,,,,,,,,,,,,,,,,,,,,,,,,,,,,,,C,C,,,—
832,Dubwool,,,,,,,,,,,,,,,,,,,,,,,,,,,,,,,,C,C,,,—
833,Chewtle,,,,,,,,,,,,,,,,,,,,,,,,,,,,,,,,C,C,,,—
834,Drednaw,,,,,,,,,,,,,,,,,,,,,,,,,,,,,,,,C,C,,,—
835,Yamper,,,,,,,,,,,,,,,,,,,,,,,,,,,,,,,,C,C,,,—
836,Boltund,,,,,,,,,,,,,,,,,,,,,,,,,,,,,,,,C,C,,,—
837,Rolycoly,,,,,,,,,,,,,,,,,,,,,,,,,,,,,,,,C,C,,,—
838,Carkol,,,,,,,,,,,,,,,,,,,,,,,,,,,,,,,,C,C,,,—
839,Coalossal,,,,,,,,,,,,,,,,,,,,,,,,,,,,,,,,C,C,,,—
840,Applin,,,,,,,,,,,,,,,,,,,,,,,,,,,,,,,,C,C,,,—
841,Flapple,,,,,,,,,,,,,,,,,,,,,,,,,,,,,,,,D,T,,,—
842,Appletun,,,,,,,,,,,,,,,,,,,,,,,,,,,,,,,,T,D,,,—
843,Silicobra,,,,,,,,,,,,,,,,,,,,,,,,,,,,,,,,C,C,,,—
844,Sandaconda,,,,,,,,,,,,,,,,,,,,,,,,,,,,,,,,C,C,,,—
845,Cramorant,,,,,,,,,,,,,,,,,,,,,,,,,,,,,,,,C,C,,,—
846,Arrokuda,,,,,,,,,,,,,,,,,,,,,,,,,,,,,,,,C,C,,,—
847,Barraskewda,,,,,,,,,,,,,,,,,,,,,,,,,,,,,,,,C,C,,,—
848,Toxel,,,,,,,,,,,,,,,,,,,,,,,,,,,,,,,,C,C,,,—
849,Toxtricity,,,,,,,,,,,,,,,,,,,,,,,,,,,,,,,,D,D,,,—
850,Sizzlipede,,,,,,,,,,,,,,,,,,,,,,,,,,,,,,,,C,C,,,—
851,Centiskorch,,,,,,,,,,,,,,,,,,,,,,,,,,,,,,,,D,D,,,—
852,Clobbopus,,,,,,,,,,,,,,,,,,,,,,,,,,,,,,,,C,C,,,—
853,Grapploct,,,,,,,,,,,,,,,,,,,,,,,,,,,,,,,,C,C,,,—
854,Sinistea,,,,,,,,,,,,,,,,,,,,,,,,,,,,,,,,C,C,,,—
855,Polteageist,,,,,,,,,,,,,,,,,,,,,,,,,,,,,,,,D,D,,,—
856,Hatenna,,,,,,,,,,,,,,,,,,,,,,,,,,,,,,,,C,C,,,—
857,Hattrem,,,,,,,,,,,,,,,,,,,,,,,,,,,,,,,,C,C,,,—
858,Hatterene,,,,,,,,,,,,,,,,,,,,,,,,,,,,,,,,C,C,,,—
859,Impidimp,,,,,,,,,,,,,,,,,,,,,,,,,,,,,,,,C,C,,,—
860,Morgrem,,,,,,,,,,,,,,,,,,,,,,,,,,,,,,,,C,C,,,—
861,Grimmsnarl,,,,,,,,,,,,,,,,,,,,,,,,,,,,,,,,C,C,,,—
862,Obstagoon,,,,,,,,,,,,,,,,,,,,,,,,,,,,,,,,C,C,,,—
863,Perrserker,,,,,,,,,,,,,,,,,,,,,,,,,,,,,,,,C,C,,,—
864,Cursola,,,,,,,,,,,,,,,,,,,,,,,,,,,,,,,,T,D,,,—
865,Sirfetch'd,,,,,,,,,,,,,,,,,,,,,,,,,,,,,,,,D,T,,,—
866,Mr. Rime,,,,,,,,,,,,,,,,,,,,,,,,,,,,,,,,D,D,,,—
867,Runerigus,,,,,,,,,,,,,,,,,,,,,,,,,,,,,,,,D,D,,,—
868,Milcery,,,,,,,,,,,,,,,,,,,,,,,,,,,,,,,,C,C,,,—
869,Alcremie,,,,,,,,,,,,,,,,,,,,,,,,,,,,,,,,D,D,,,—
870,Falinks,,,,,,,,,,,,,,,,,,,,,,,,,,,,,,,,C,C,,,—
871,Pincurchin,,,,,,,,,,,,,,,,,,,,,,,,,,,,,,,,C,C,,,—
872,Snom,,,,,,,,,,,,,,,,,,,,,,,,,,,,,,,,C,C,,,—
873,Frosmoth,,,,,,,,,,,,,,,,,,,,,,,,,,,,,,,,D,D,,,—
874,Stonjourner,,,,,,,,,,,,,,,,,,,,,,,,,,,,,,,,C,T,,,—
875,Eiscue,,,,,,,,,,,,,,,,,,,,,,,,,,,,,,,,T,C,,,—
876,Indeedee,,,,,,,,,,,,,,,,,,,,,,,,,,,,,,,,C,C,,,—
877,Morpeko,,,,,,,,,,,,,,,,,,,,,,,,,,,,,,,,C,C,,,—
878,Cufant,,,,,,,,,,,,,,,,,,,,,,,,,,,,,,,,C,C,,,—
879,Copperajah,,,,,,,,,,,,,,,,,,,,,,,,,,,,,,,,C,C,,,—
880,Dracozolt,,,,,,,,,,,,,,,,,,,,,,,,,,,,,,,,R,R,,,—
881,Arctozolt,,,,,,,,,,,,,,,,,,,,,,,,,,,,,,,,R,R,,,—
882,Dracovish,,,,,,,,,,,,,,,,,,,,,,,,,,,,,,,,R,R,,,—
883,Arctovish,,,,,,,,,,,,,,,,,,,,,,,,,,,,,,,,R,R,,,—
884,Duraludon,,,,,,,,,,,,,,,,,,,,,,,,,,,,,,,,C,C,,,—
885,Dreepy,,,,,,,,,,,,,,,,,,,,,,,,,,,,,,,,C,C,,,—
886,Drakloak,,,,,,,,,,,,,,,,,,,,,,,,,,,,,,,,C,C,,,—
887,Dragapult,,,,,,,,,,,,,,,,,,,,,,,,,,,,,,,,D,D,,,—
888,Zacian,,,,,,,,,,,,,,,,,,,,,,,,,,,,,,,,C,T,,,—
889,Zamazenta,,,,,,,,,,,,,,,,,,,,,,,,,,,,,,,,T,C,,,—
890,Eternatus,,,,,,,,,,,,,,,,,,,,,,,,,,,,,,,,C,C,,,—
891,Kubfu,,,,,,,,,,,,,,,,,,,,,,,,,,,,,,,,RD,RD,,,—
892,Urshifu,,,,,,,,,,,,,,,,,,,,,,,,,,,,,,,,ED,ED,,,—
893,Zarude,,,,,,,,,,,,,,,,,,,,,,,,,,,,,,,,Ev,Ev,,,—
894,Regieleki,,,,,,,,,,,,,,,,,,,,,,,,,,,,,,,,CD,CD,,,—
895,Regidrago,,,,,,,,,,,,,,,,,,,,,,,,,,,,,,,,CD,CD,,,—
896,Glastrier,,,,,,,,,,,,,,,,,,,,,,,,,,,,,,,,CD,CD,,,—
897,Spectrier,,,,,,,,,,,,,,,,,,,,,,,,,,,,,,,,CD,CD,,,—
898,Calyrex,,,,,,,,,,,,,,,,,,,,,,,,,,,,,,,,CD,CD,,,—
899,Wyrdeer,,,,,,,,,,,,,,,,,,,,,,,,,,,,,,,,—,—,,,C
900,Kleavor,,,,,,,,,,,,,,,,,,,,,,,,,,,,,,,,—,—,,,C
901,Ursaluna,,,,,,,,,,,,,,,,,,,,,,,,,,,,,,,,—,—,,,C
902,Basculegion,,,,,,,,,,,,,,,,,,,,,,,,,,,,,,,,—,—,,,C
903,Sneasler,,,,,,,,,,,,,,,,,,,,,,,,,,,,,,,,—,—,,,C
904,Overqwil,,,,,,,,,,,,,,,,,,,,,,,,,,,,,,,,—,—,,,C
905,Enamorus,,,,,,,,,,,,,,,,,,,,,,,,,,,,,,,,—,—,,,C
